buffer_size,episode,episode_length,episode_reward,fps,frame,step,total_time
5015.0,5.0,1000.0,0.0,3.4761847681368487,5000,5000.0,287.6717097759247
6018.0,6.0,1000.0,0.0,20.673006438455158,6000,6000.0,336.0439682006836
7021.0,7.0,1000.0,0.0,20.60916735259821,7000,7000.0,384.5660653114319
8024.0,8.0,1000.0,0.0,20.60394884916275,8000,8000.0,433.10045170783997
9027.0,9.0,1000.0,0.0,20.64694100278222,9000,9000.0,481.5337772369385
10030.0,10.0,1000.0,98.0,20.63799046794703,10000,10000.0,529.988107919693
11033.0,11.0,1000.0,0.0,14.048339202890633,11000,11000.0,601.1709003448486
12036.0,12.0,1000.0,0.0,20.6672097008655,12000,12000.0,649.556726694107
13039.0,13.0,1000.0,0.0,20.6566719359032,13000,13000.0,697.9672362804413
14042.0,14.0,1000.0,0.0,20.647607559272775,14000,14000.0,746.3989984989166
15045.0,15.0,1000.0,0.0,20.65206223296533,15000,15000.0,794.8203136920929
16048.0,16.0,1000.0,0.0,20.764520262487483,16000,16000.0,842.9793856143951
17051.0,17.0,1000.0,0.0,20.614300355009142,17000,17000.0,891.489401102066
18054.0,18.0,1000.0,86.0,20.629466934649955,18000,18000.0,939.9637513160706
19057.0,19.0,1000.0,0.0,20.64860706809471,19000,19000.0,988.3931694030762
20060.0,20.0,1000.0,0.0,20.66931895159192,20000,20000.0,1036.77405834198
21063.0,21.0,1000.0,0.0,14.078602829281232,21000,21000.0,1107.8038349151611
22066.0,22.0,1000.0,0.0,20.687697002861967,22000,22000.0,1156.1417443752289
23069.0,23.0,1000.0,0.0,20.684721883865006,23000,23000.0,1204.4866065979004
24072.0,24.0,1000.0,0.0,20.665461925697677,24000,24000.0,1252.8765246868134
25075.0,25.0,1000.0,0.0,20.64761884170636,25000,25000.0,1301.3082611560822
26078.0,26.0,1000.0,0.0,20.66314874714773,26000,26000.0,1349.703596830368
27081.0,27.0,1000.0,0.0,20.669679023643415,27000,27000.0,1398.0836427211761
28084.0,28.0,1000.0,0.0,20.732088735311418,28000,28000.0,1446.318050146103
29087.0,29.0,1000.0,0.0,20.631684486865634,29000,29000.0,1494.7871906757355
30090.0,30.0,1000.0,0.0,20.685723663013583,30000,30000.0,1543.129711151123
31093.0,31.0,1000.0,0.0,13.830904680712932,31000,31000.0,1615.431561946869
32096.0,32.0,1000.0,0.0,20.692143064658918,32000,32000.0,1663.759084701538
33099.0,33.0,1000.0,0.0,20.69800680995012,33000,33000.0,1712.0729172229767
34102.0,34.0,1000.0,75.0,20.735093487631588,34000,34000.0,1760.3003346920013
35105.0,35.0,1000.0,0.0,20.63582140990087,35000,35000.0,1808.7597584724426
36108.0,36.0,1000.0,0.0,20.677039464874806,36000,36000.0,1857.1225821971893
37111.0,37.0,1000.0,0.0,20.653911176261254,37000,37000.0,1905.539562702179
38114.0,38.0,1000.0,0.0,20.682366962908183,38000,38000.0,1953.8899290561676
39117.0,39.0,1000.0,0.0,20.643254679866605,39000,39000.0,2002.3319036960602
40120.0,40.0,1000.0,0.0,20.737678925472924,40000,40000.0,2050.5533089637756
41123.0,41.0,1000.0,0.0,13.971669779168515,41000,41000.0,2122.126716375351
42126.0,42.0,1000.0,0.0,20.592488984811098,42000,42000.0,2170.688113451004
43129.0,43.0,1000.0,0.0,20.597593451233617,43000,43000.0,2219.2374744415283
44132.0,44.0,1000.0,0.0,20.624001552165705,44000,44000.0,2267.724671125412
45135.0,45.0,1000.0,0.0,20.599369220737014,45000,45000.0,2316.2698476314545
46138.0,46.0,1000.0,0.0,20.64785496249255,46000,46000.0,2364.7010293006897
47141.0,47.0,1000.0,0.0,20.65884476912151,47000,47000.0,2413.1064472198486
48144.0,48.0,1000.0,0.0,20.609338391240698,48000,48000.0,2461.6281418800354
49147.0,49.0,1000.0,0.0,20.570415715478546,49000,49000.0,2510.241647005081
50150.0,50.0,1000.0,0.0,20.572430584568764,50000,50000.0,2558.850392103195
51153.0,51.0,1000.0,0.0,13.928820741989828,51000,51000.0,2630.6439793109894
52156.0,52.0,1000.0,0.0,20.67522979451223,52000,52000.0,2679.0110363960266
53159.0,53.0,1000.0,0.0,20.62565732448662,53000,53000.0,2727.494341135025
54162.0,54.0,1000.0,0.0,20.63557835597095,54000,54000.0,2775.9543359279633
55165.0,55.0,1000.0,77.0,20.58698113204954,55000,55000.0,2824.5287239551544
56168.0,56.0,1000.0,0.0,20.601279976643752,56000,56000.0,2873.069398164749
57171.0,57.0,1000.0,68.0,20.587800053290756,57000,57000.0,2921.641854286194
58174.0,58.0,1000.0,0.0,20.6134966478883,58000,58000.0,2970.153760910034
59177.0,59.0,1000.0,62.0,20.640734682094948,59000,59000.0,3018.6016497612
60180.0,60.0,1000.0,0.0,20.5836727634646,60000,60000.0,3067.1838455200195
61183.0,61.0,1000.0,0.0,14.007412496677947,61000,61000.0,3138.5746195316315
62186.0,62.0,1000.0,0.0,20.65387212139917,62000,62000.0,3186.9916920661926
63189.0,63.0,1000.0,0.0,20.661261000634415,63000,63000.0,3235.391448736191
64192.0,64.0,1000.0,0.0,20.752232507983255,64000,64000.0,3283.5790359973907
65195.0,65.0,1000.0,0.0,20.600719208668302,65000,65000.0,3332.1210310459137
66198.0,66.0,1000.0,62.0,20.60572854919568,66000,66000.0,3380.6512258052826
67201.0,67.0,1000.0,0.0,20.6073045418337,67000,67000.0,3429.1777091026306
68204.0,68.0,1000.0,62.0,20.607055375801426,68000,68000.0,3477.7047786712646
69207.0,69.0,1000.0,0.0,20.565590513256055,69000,69000.0,3526.329690217972
70210.0,70.0,1000.0,62.0,20.565682981743176,70000,70000.0,3574.954383134842
71213.0,71.0,1000.0,0.0,14.115273106026825,71000,71000.0,3645.799630880356
72216.0,72.0,1000.0,0.0,20.59107143657533,72000,72000.0,3694.364369869232
73219.0,73.0,1000.0,0.0,20.62430386341135,73000,73000.0,3742.8508563041687
74222.0,74.0,1000.0,0.0,20.60657295646214,74000,74000.0,3791.3790616989136
75225.0,75.0,1000.0,0.0,20.52674233901602,75000,75000.0,3840.0959990024567
76228.0,76.0,1000.0,0.0,20.667897527988668,76000,76000.0,3888.480215072632
77231.0,77.0,1000.0,0.0,20.58946093344593,77000,77000.0,3937.0487530231476
78234.0,78.0,1000.0,0.0,20.581938179194907,78000,78000.0,3985.6350433826447
79237.0,79.0,1000.0,0.0,20.588112521656203,79000,79000.0,4034.2067618370056
80240.0,80.0,1000.0,0.0,20.637217304145796,80000,80000.0,4082.66290807724
81243.0,81.0,1000.0,0.0,14.132669978476567,81000,81000.0,4153.420946598053
82246.0,82.0,1000.0,67.0,20.598876741272694,82000,82000.0,4201.967283964157
83249.0,83.0,1000.0,0.0,20.624933461873315,83000,83000.0,4250.452289581299
84252.0,84.0,1000.0,0.0,20.675853944660844,84000,84000.0,4298.8178861141205
85255.0,85.0,1000.0,0.0,20.620929554413323,85000,85000.0,4347.312306165695
86258.0,86.0,1000.0,0.0,20.616554676030983,86000,86000.0,4395.817016839981
87261.0,87.0,1000.0,0.0,20.61278660508559,87000,87000.0,4444.330594062805
88264.0,88.0,1000.0,0.0,20.722518016291065,88000,88000.0,4492.587278842926
89267.0,89.0,1000.0,0.0,20.642198595261902,89000,89000.0,4541.03173160553
90270.0,90.0,1000.0,61.0,20.622456769522344,90000,90000.0,4589.52255988121
91273.0,91.0,1000.0,0.0,13.948939049889091,91000,91000.0,4661.212600946426
92276.0,92.0,1000.0,0.0,20.648860492959802,92000,92000.0,4709.641424417496
93279.0,93.0,1000.0,0.0,20.608026863765488,93000,93000.0,4758.166206359863
94282.0,94.0,1000.0,59.0,20.666331906866876,94000,94000.0,4806.554087638855
95285.0,95.0,1000.0,0.0,20.66295716779925,95000,95000.0,4854.949872255325
96288.0,96.0,1000.0,0.0,20.60066163605895,96000,96000.0,4903.49200296402
97291.0,97.0,1000.0,0.0,20.61201765827505,97000,97000.0,4952.007390499115
98294.0,98.0,1000.0,57.0,20.61142186777536,98000,98000.0,5000.524179935455
99297.0,99.0,1000.0,0.0,20.613627032015234,99000,99000.0,5049.035778999329
100300.0,100.0,1000.0,59.0,20.714726066097302,100000,100000.0,5097.310615539551
101303.0,101.0,1000.0,0.0,14.21432884316004,101000,101000.0,5167.662161588669
102306.0,102.0,1000.0,55.0,20.582346421076974,102000,102000.0,5216.247488260269
103309.0,103.0,1000.0,0.0,20.547044967598325,103000,103000.0,5264.9162883758545
104312.0,104.0,1000.0,0.0,20.594033730042206,104000,104000.0,5313.474041938782
105315.0,105.0,1000.0,0.0,20.546877175737112,105000,105000.0,5362.14323925972
106318.0,106.0,1000.0,55.0,20.547869371739512,106000,106000.0,5410.810086250305
107321.0,107.0,1000.0,0.0,20.51085020153506,107000,107000.0,5459.564770460129
108324.0,108.0,1000.0,0.0,20.544811758629557,108000,108000.0,5508.238860368729
109327.0,109.0,1000.0,0.0,20.538962467193663,109000,109000.0,5556.926812171936
110330.0,110.0,1000.0,0.0,20.536565402330044,110000,110000.0,5605.6204471588135
111333.0,111.0,1000.0,0.0,14.177692090871663,111000,111000.0,5676.153789997101
112336.0,112.0,1000.0,0.0,20.67766239907657,112000,112000.0,5724.515156984329
113339.0,113.0,1000.0,0.0,20.572357731648278,113000,113000.0,5773.124074220657
114342.0,114.0,1000.0,0.0,20.601065157011103,114000,114000.0,5821.665254116058
115345.0,115.0,1000.0,0.0,20.58796275394042,115000,115000.0,5870.237326622009
116348.0,116.0,1000.0,0.0,20.581669326117296,116000,116000.0,5918.824251651764
117351.0,117.0,1000.0,0.0,20.63737032789642,117000,117000.0,5967.280038118362
118354.0,118.0,1000.0,0.0,20.585830871965353,118000,118000.0,6015.857141256332
119357.0,119.0,1000.0,0.0,20.566924983689855,119000,119000.0,6064.478897333145
120360.0,120.0,1000.0,0.0,20.57040633318573,120000,120000.0,6113.0924253463745
121363.0,121.0,1000.0,0.0,14.200141876016964,121000,121000.0,6183.514258384705
122366.0,122.0,1000.0,0.0,20.67200344543905,122000,122000.0,6231.888864040375
123369.0,123.0,1000.0,0.0,20.64705158435191,123000,123000.0,6280.321930408478
124372.0,124.0,1000.0,0.0,20.71611239680707,124000,124000.0,6328.593536376953
125375.0,125.0,1000.0,0.0,20.622444196423796,125000,125000.0,6377.084394693375
126378.0,126.0,1000.0,55.0,20.56872472066764,126000,126000.0,6425.7018966674805
127381.0,127.0,1000.0,55.0,20.588889893551276,127000,127000.0,6474.2717826366425
128384.0,128.0,1000.0,0.0,20.605569515600383,128000,128000.0,6522.802351474762
129387.0,129.0,1000.0,0.0,20.575387819421273,129000,129000.0,6571.404109477997
130390.0,130.0,1000.0,0.0,20.57420625655703,130000,130000.0,6620.0086581707
131393.0,131.0,1000.0,55.0,14.176329269236458,131000,131000.0,6690.54878115654
132396.0,132.0,1000.0,0.0,20.660746118764347,132000,132000.0,6738.949744939804
133399.0,133.0,1000.0,54.0,20.644013664539326,133000,133000.0,6787.389938592911
134402.0,134.0,1000.0,0.0,20.605003554080934,134000,134000.0,6835.921841144562
135405.0,135.0,1000.0,0.0,20.617460069371496,135000,135000.0,6884.424421310425
136408.0,136.0,1000.0,0.0,20.659521354668293,136000,136000.0,6932.828254699707
137411.0,137.0,1000.0,0.0,20.570066155188222,137000,137000.0,6981.442586421967
138414.0,138.0,1000.0,60.0,20.59098207550411,138000,138000.0,7030.007536411285
139417.0,139.0,1000.0,0.0,20.585206083222715,139000,139000.0,7078.586113452911
140420.0,140.0,1000.0,0.0,20.58591392403622,140000,140000.0,7127.163019895554
141423.0,141.0,1000.0,0.0,14.195003772267128,141000,141000.0,7197.610343456268
142426.0,142.0,1000.0,0.0,20.602582144606952,142000,142000.0,7246.147949457169
143429.0,143.0,1000.0,0.0,20.565475357371437,143000,143000.0,7294.7731330394745
144432.0,144.0,1000.0,0.0,20.627601061267743,144000,144000.0,7343.25186920166
145435.0,145.0,1000.0,0.0,20.623724196238776,145000,145000.0,7391.739717721939
146438.0,146.0,1000.0,0.0,20.57099551742726,146000,146000.0,7440.351852893829
147441.0,147.0,1000.0,0.0,20.5709962236615,147000,147000.0,7488.96398639679
148444.0,148.0,1000.0,0.0,20.642313799240487,148000,148000.0,7537.4081699848175
149447.0,149.0,1000.0,0.0,20.577272121180535,149000,149000.0,7586.005476951599
150450.0,150.0,1000.0,0.0,20.580656089865922,150000,150000.0,7634.594794034958
151453.0,151.0,1000.0,0.0,14.184983801898934,151000,151000.0,7705.091878890991
152456.0,152.0,1000.0,0.0,20.60989709674868,152000,152000.0,7753.61225771904
153459.0,153.0,1000.0,0.0,20.58989110406118,153000,153000.0,7802.179780960083
154462.0,154.0,1000.0,0.0,20.59231054213552,154000,154000.0,7850.741597890854
155465.0,155.0,1000.0,0.0,20.697369474078286,155000,155000.0,7899.05691742897
156468.0,156.0,1000.0,0.0,20.55376805564083,156000,156000.0,7947.709797620773
157471.0,157.0,1000.0,0.0,20.54317960597834,157000,157000.0,7996.387754678726
158474.0,158.0,1000.0,0.0,20.562313914496663,158000,158000.0,8045.020414829254
159477.0,159.0,1000.0,0.0,20.566126176493654,159000,159000.0,8093.644059896469
160480.0,160.0,1000.0,0.0,20.69740144207402,160000,160000.0,8141.959305047989
161483.0,161.0,1000.0,0.0,14.196243720072856,161000,161000.0,8212.400474309921
162486.0,162.0,1000.0,62.0,20.6029263338486,162000,162000.0,8260.937269687653
163489.0,163.0,1000.0,0.0,20.601077906426184,163000,163000.0,8309.47842001915
164492.0,164.0,1000.0,0.0,20.591792014369968,164000,164000.0,8358.041459321976
165495.0,165.0,1000.0,0.0,20.60566517841729,165000,165000.0,8406.571803092957
166498.0,166.0,1000.0,0.0,20.528211426701358,166000,166000.0,8455.285253763199
167501.0,167.0,1000.0,0.0,20.467488048663377,167000,167000.0,8504.143229722977
168504.0,168.0,1000.0,59.0,20.54580073585276,168000,168000.0,8552.8149766922
169507.0,169.0,1000.0,0.0,20.578515725274432,169000,169000.0,8601.409347295761
170510.0,170.0,1000.0,0.0,20.577693100379136,170000,170000.0,8650.005660295486
171513.0,171.0,1000.0,0.0,13.840852784209636,171000,171000.0,8722.255544424057
172516.0,172.0,1000.0,0.0,20.68206508874342,172000,172000.0,8770.60661649704
173519.0,173.0,1000.0,0.0,20.59623780462336,173000,173000.0,8819.159173727036
174522.0,174.0,1000.0,58.0,20.61701921983323,174000,174000.0,8867.662791728973
175525.0,175.0,1000.0,0.0,20.638827162650724,175000,175000.0,8916.115158319473
176528.0,176.0,1000.0,0.0,20.664870066754123,176000,176000.0,8964.506462097168
177531.0,177.0,1000.0,0.0,20.578418497034367,177000,177000.0,9013.101062297821
178534.0,178.0,1000.0,0.0,20.559407902165564,178000,178000.0,9061.740596055984
179537.0,179.0,1000.0,0.0,20.57496885220132,179000,179000.0,9110.343343496323
180540.0,180.0,1000.0,59.0,20.572709690698385,180000,180000.0,9158.95142865181
181543.0,181.0,1000.0,0.0,14.202529763986336,181000,181000.0,9229.361420631409
182546.0,182.0,1000.0,0.0,20.61546616084285,182000,182000.0,9277.868692398071
183549.0,183.0,1000.0,0.0,20.593249599806025,183000,183000.0,9326.42829489708
184552.0,184.0,1000.0,0.0,20.69007038627668,184000,184000.0,9374.760658979416
185555.0,185.0,1000.0,0.0,20.593523709983266,185000,185000.0,9423.319614887238
186558.0,186.0,1000.0,34.0,20.640289484815707,186000,186000.0,9471.768548488617
187561.0,187.0,1000.0,19.0,20.601548431591905,187000,187000.0,9520.308590650558
188564.0,188.0,1000.0,0.0,20.474082710177658,188000,188000.0,9569.150828123093
189567.0,189.0,1000.0,28.0,20.536460324816154,189000,189000.0,9617.844712018967
190570.0,190.0,1000.0,0.0,20.59277399400298,190000,190000.0,9666.405436038971
191573.0,191.0,1000.0,0.0,14.18308945327497,191000,191000.0,9736.911937236786
192576.0,192.0,1000.0,0.0,20.61078651065678,192000,192000.0,9785.430222511292
193579.0,193.0,1000.0,0.0,20.57171923117747,193000,193000.0,9834.040647506714
194582.0,194.0,1000.0,0.0,20.594695863553657,194000,194000.0,9882.596839904785
195585.0,195.0,1000.0,0.0,20.572119701949738,195000,195000.0,9931.206319093704
196588.0,196.0,1000.0,0.0,20.73805676361116,196000,196000.0,9979.426845550537
197591.0,197.0,1000.0,0.0,20.58808776233558,197000,197000.0,10027.998622894287
198594.0,198.0,1000.0,200.0,20.49143147723489,198000,198000.0,10076.799509048462
199597.0,199.0,1000.0,66.0,20.47351015719778,199000,199000.0,10125.643112897873
200600.0,200.0,1000.0,555.0,20.48777645167222,200000,200000.0,10174.4527053833
201603.0,201.0,1000.0,0.0,14.169218863968498,201000,201000.0,10245.028226852417
202606.0,202.0,1000.0,0.0,20.53448285594586,202000,202000.0,10293.726800441742
203609.0,203.0,1000.0,0.0,20.565786341723335,203000,203000.0,10342.351248502731
204612.0,204.0,1000.0,0.0,20.54628001193969,204000,204000.0,10391.021860599518
205615.0,205.0,1000.0,0.0,20.51003989774261,205000,205000.0,10439.778470754623
206618.0,206.0,1000.0,1000.0,20.659832747476933,206000,206000.0,10488.181573867798
207621.0,207.0,1000.0,0.0,20.581856068174886,207000,207000.0,10536.768057584763
208624.0,208.0,1000.0,0.0,20.723697016271228,208000,208000.0,10585.021996974945
209627.0,209.0,1000.0,0.0,20.54650657379078,209000,209000.0,10633.69207239151
210630.0,210.0,1000.0,0.0,20.573063982741854,210000,210000.0,10682.299320459366
211633.0,211.0,1000.0,0.0,14.215699607366364,211000,211000.0,10752.644082546234
212636.0,212.0,1000.0,0.0,20.53885324154976,212000,212000.0,10801.332293272018
213639.0,213.0,1000.0,0.0,20.54488401404457,213000,213000.0,10850.006211996078
214642.0,214.0,1000.0,448.0,20.585592429354374,214000,214000.0,10898.583877325058
215645.0,215.0,1000.0,0.0,20.54515402032322,215000,215000.0,10947.257156848907
216648.0,216.0,1000.0,1000.0,20.664405705723563,216000,216000.0,10995.64954829216
217651.0,217.0,1000.0,569.0,20.596997988564596,217000,217000.0,11044.200313568115
218654.0,218.0,1000.0,692.0,20.611015408914678,218000,218000.0,11092.71806049347
219657.0,219.0,1000.0,753.0,20.61289185730805,219000,219000.0,11141.231389522552
220660.0,220.0,1000.0,663.0,20.702349807502586,220000,220000.0,11189.535086393356
221663.0,221.0,1000.0,712.0,14.271511374512677,221000,221000.0,11259.604750394821
222666.0,222.0,1000.0,878.0,20.619209262362368,222000,222000.0,11308.103216171265
223669.0,223.0,1000.0,717.0,20.572978814300846,223000,223000.0,11356.710665464401
224672.0,224.0,1000.0,756.0,20.591715789249452,224000,224000.0,11405.273884773254
225675.0,225.0,1000.0,834.0,20.60888847152172,225000,225000.0,11453.796638727188
226678.0,226.0,1000.0,685.0,20.647561006659178,226000,226000.0,11502.228509902954
227681.0,227.0,1000.0,927.0,20.616327985445356,227000,227000.0,11550.733753681183
228684.0,228.0,1000.0,674.0,20.607246729917584,228000,228000.0,11599.26037311554
229687.0,229.0,1000.0,751.0,20.62760197428728,229000,229000.0,11647.739106416702
230690.0,230.0,1000.0,679.0,20.603669502031746,230000,230000.0,11696.27415060997
231693.0,231.0,1000.0,929.0,14.280578212546096,231000,231000.0,11766.299327373505
232696.0,232.0,1000.0,919.0,20.699179242768555,232000,232000.0,11814.610423088074
233699.0,233.0,1000.0,747.0,20.602805294509682,233000,233000.0,11863.147503376007
234702.0,234.0,1000.0,755.0,20.604103303038524,234000,234000.0,11911.681525945663
235705.0,235.0,1000.0,1000.0,20.575692845557377,235000,235000.0,11960.282563209534
236708.0,236.0,1000.0,923.0,20.60465990275944,236000,236000.0,12008.815274715424
237711.0,237.0,1000.0,649.0,20.620813676580983,237000,237000.0,12057.309967041016
238714.0,238.0,1000.0,884.0,20.579104263486077,238000,238000.0,12105.90294766426
239717.0,239.0,1000.0,891.0,20.553322271115885,239000,239000.0,12154.556883335114
240720.0,240.0,1000.0,722.0,20.625723556852304,240000,240000.0,12203.04003238678
241723.0,241.0,1000.0,807.0,14.197082566119397,241000,241000.0,12273.477039575577
242726.0,242.0,1000.0,584.0,20.547735992957605,242000,242000.0,12322.14420247078
243729.0,243.0,1000.0,839.0,20.578445555268516,243000,243000.0,12370.738738298416
244732.0,244.0,1000.0,693.0,20.630849385961422,244000,244000.0,12419.209840774536
245735.0,245.0,1000.0,741.0,20.553792027430667,245000,245000.0,12467.862664461136
246738.0,246.0,1000.0,872.0,20.594270750340588,246000,246000.0,12516.419859170914
247741.0,247.0,1000.0,576.0,20.643638737424585,247000,247000.0,12564.860932826996
248744.0,248.0,1000.0,699.0,20.587614213893627,248000,248000.0,12613.433828115463
249747.0,249.0,1000.0,809.0,20.57119881399989,249000,249000.0,12662.04548215866
250750.0,250.0,1000.0,621.0,20.583144367606767,250000,250000.0,12710.62892484665
251753.0,251.0,1000.0,586.0,13.708780889537735,251000,251000.0,12783.574872732162
252756.0,252.0,1000.0,574.0,20.582098161219,252000,252000.0,12832.160785198212
253759.0,253.0,1000.0,797.0,20.592914833312854,253000,253000.0,12880.721177101135
254762.0,254.0,1000.0,574.0,20.6094914069023,254000,254000.0,12929.242511510849
255765.0,255.0,1000.0,803.0,20.65700297958872,255000,255000.0,12977.652245521545
256768.0,256.0,1000.0,715.0,20.62861578018304,256000,256000.0,13026.128596782684
257771.0,257.0,1000.0,810.0,20.635076326611202,257000,257000.0,13074.58976984024
258774.0,258.0,1000.0,887.0,20.50395488662973,258000,258000.0,13123.360849380493
259777.0,259.0,1000.0,762.0,20.494470316905737,259000,259000.0,13172.154499530792
260780.0,260.0,1000.0,904.0,20.594485731660622,260000,260000.0,13220.71118760109
261783.0,261.0,1000.0,737.0,14.209796600420782,261000,261000.0,13291.085172653198
262786.0,262.0,1000.0,622.0,20.580039592557114,262000,262000.0,13339.675945043564
263789.0,263.0,1000.0,692.0,20.569702584737623,263000,263000.0,13388.291136026382
264792.0,264.0,1000.0,807.0,20.566766346796538,264000,264000.0,13436.91326713562
265795.0,265.0,1000.0,424.0,20.5630864157747,265000,265000.0,13485.544100046158
266798.0,266.0,1000.0,787.0,20.528577751849234,266000,266000.0,13534.256681203842
267801.0,267.0,1000.0,611.0,20.633784969590643,267000,267000.0,13582.72088766098
268804.0,268.0,1000.0,853.0,20.684172884763257,268000,268000.0,13631.067032575607
269807.0,269.0,1000.0,693.0,20.569520299951115,269000,269000.0,13679.682654380798
270810.0,270.0,1000.0,798.0,20.606204753584503,270000,270000.0,13728.21172785759
271813.0,271.0,1000.0,550.0,14.183961568808703,271000,271000.0,13798.713894367218
272816.0,272.0,1000.0,760.0,20.6424513548816,272000,272000.0,13847.157754421234
273819.0,273.0,1000.0,724.0,20.571714993474888,273000,273000.0,13895.768189907074
274822.0,274.0,1000.0,745.0,20.559494671503945,274000,274000.0,13944.407518863678
275825.0,275.0,1000.0,550.0,20.577106762840252,275000,275000.0,13993.005217075348
276828.0,276.0,1000.0,587.0,20.571294157945385,276000,276000.0,14041.616646289825
277831.0,277.0,1000.0,680.0,20.602957605949122,277000,277000.0,14090.153367519379
278834.0,278.0,1000.0,847.0,20.585640016400372,278000,278000.0,14138.730920553207
279837.0,279.0,1000.0,853.0,20.606314494281,279000,279000.0,14187.259735822678
280840.0,280.0,1000.0,637.0,20.64912500480867,280000,280000.0,14235.68793797493
281843.0,281.0,1000.0,646.0,14.174565130244808,281000,281000.0,14306.236840724945
282846.0,282.0,1000.0,645.0,20.635406678470833,282000,282000.0,14354.697239160538
283849.0,283.0,1000.0,801.0,20.55527445889099,283000,283000.0,14403.34655380249
284852.0,284.0,1000.0,711.0,20.556459590850828,284000,284000.0,14451.993064403534
285855.0,285.0,1000.0,775.0,20.564633004070224,285000,285000.0,14500.620239019394
286858.0,286.0,1000.0,663.0,20.55072268306624,286000,286000.0,14549.280329465866
287861.0,287.0,1000.0,914.0,20.5399597329417,287000,287000.0,14597.965917348862
288864.0,288.0,1000.0,565.0,20.59884598737903,288000,288000.0,14646.512327194214
289867.0,289.0,1000.0,913.0,20.5493533652372,289000,289000.0,14695.175660133362
290870.0,290.0,1000.0,836.0,20.560635640540372,290000,290000.0,14743.812289714813
291873.0,291.0,1000.0,1000.0,14.213405931531293,291000,291000.0,14814.168403863907
292876.0,292.0,1000.0,732.0,20.576218335352902,292000,292000.0,14862.768200159073
293879.0,293.0,1000.0,859.0,20.571912653889463,293000,293000.0,14911.378168582916
294882.0,294.0,1000.0,923.0,20.541506164111116,294000,294000.0,14960.060091495514
295885.0,295.0,1000.0,849.0,20.568801380883542,295000,295000.0,15008.6774122715
296888.0,296.0,1000.0,643.0,20.519797184774376,296000,296000.0,15057.410838842392
297891.0,297.0,1000.0,875.0,20.50704947916114,297000,297000.0,15106.174558401108
298894.0,298.0,1000.0,636.0,20.573438268052776,298000,298000.0,15154.780921459198
299897.0,299.0,1000.0,608.0,20.51195588455313,299000,299000.0,15203.532977104187
300900.0,300.0,1000.0,690.0,20.549387495280207,300000,300000.0,15252.1962287426
301903.0,301.0,1000.0,749.0,14.106772292925154,301000,301000.0,15323.084167480469
302906.0,302.0,1000.0,667.0,20.575334728436793,302000,302000.0,15371.686051368713
303909.0,303.0,1000.0,838.0,20.622626812046338,303000,303000.0,15420.176480293274
304912.0,304.0,1000.0,935.0,20.55839836804224,304000,304000.0,15468.8184030056
305915.0,305.0,1000.0,614.0,20.487361745303705,305000,305000.0,15517.628983736038
306918.0,306.0,1000.0,921.0,20.4608091996214,306000,306000.0,15566.502907037735
307921.0,307.0,1000.0,877.0,20.454559741197667,307000,307000.0,15615.391763210297
308924.0,308.0,1000.0,794.0,20.50616057414809,308000,308000.0,15664.157597780228
309927.0,309.0,1000.0,932.0,20.44735940494053,309000,309000.0,15713.063668966293
310930.0,310.0,1000.0,781.0,20.478965652242643,310000,310000.0,15761.894261360168
311933.0,311.0,1000.0,685.0,13.869568896955789,311000,311000.0,15833.99455666542
312936.0,312.0,1000.0,674.0,20.48895121060384,312000,312000.0,15882.801350355148
313939.0,313.0,1000.0,797.0,20.470151438321913,313000,313000.0,15931.652968168259
314942.0,314.0,1000.0,721.0,20.48168103797152,314000,314000.0,15980.477087020874
315945.0,315.0,1000.0,709.0,20.583797719768096,315000,315000.0,16029.058987379074
316948.0,316.0,1000.0,1000.0,20.469151050102365,316000,316000.0,16077.912992715836
317951.0,317.0,1000.0,841.0,20.45402787888705,317000,317000.0,16126.803119182587
318954.0,318.0,1000.0,802.0,20.504193947676914,318000,318000.0,16175.573630094528
319957.0,319.0,1000.0,797.0,20.50022695733041,319000,319000.0,16224.353579044342
320960.0,320.0,1000.0,765.0,20.565148551590855,320000,320000.0,16272.979535102844
321963.0,321.0,1000.0,893.0,14.292994869939852,321000,321000.0,16342.943879365921
322966.0,322.0,1000.0,935.0,20.487874526578903,322000,322000.0,16391.75323820114
323969.0,323.0,1000.0,798.0,20.4512062394497,323000,323000.0,16440.650110721588
324972.0,324.0,1000.0,636.0,20.486008062022602,324000,324000.0,16489.4639172554
325975.0,325.0,1000.0,1000.0,20.481199570258035,325000,325000.0,16538.2891831398
326978.0,326.0,1000.0,996.0,20.483514803111383,326000,326000.0,16587.10893058777
327981.0,327.0,1000.0,722.0,20.56402210414298,327000,327000.0,16635.737550735474
328984.0,328.0,1000.0,937.0,20.52981437160524,328000,328000.0,16684.447198152542
329987.0,329.0,1000.0,932.0,20.496931987077996,329000,329000.0,16733.234988451004
330990.0,330.0,1000.0,842.0,20.470246747034526,330000,330000.0,16782.08637905121
331993.0,331.0,1000.0,723.0,14.198406940463652,331000,331000.0,16852.51681661606
332996.0,332.0,1000.0,747.0,20.51301664180039,332000,332000.0,16901.26635169983
333999.0,333.0,1000.0,804.0,20.47404253348313,333000,333000.0,16950.108684539795
335002.0,334.0,1000.0,1000.0,20.49304460338687,334000,334000.0,16998.90572977066
336005.0,335.0,1000.0,756.0,20.49478746950583,335000,335000.0,17047.69862484932
337008.0,336.0,1000.0,562.0,20.500326353857748,336000,336000.0,17096.478336811066
338011.0,337.0,1000.0,887.0,20.478336035205263,337000,337000.0,17145.310430288315
339014.0,338.0,1000.0,677.0,20.486137838954093,338000,338000.0,17194.123926639557
340017.0,339.0,1000.0,664.0,20.597258138904774,339000,339000.0,17242.674078941345
341020.0,340.0,1000.0,918.0,20.487935573678623,340000,340000.0,17291.483292102814
342023.0,341.0,1000.0,676.0,14.214677181932142,341000,341000.0,17361.833114385605
343026.0,342.0,1000.0,594.0,20.566261105104772,342000,342000.0,17410.456440210342
344029.0,343.0,1000.0,664.0,20.533245472686335,343000,343000.0,17459.15794825554
345032.0,344.0,1000.0,672.0,20.472481960823682,344000,344000.0,17508.00400495529
346035.0,345.0,1000.0,636.0,20.517276726059567,345000,345000.0,17556.74341750145
347038.0,346.0,1000.0,842.0,20.56040060326137,346000,346000.0,17605.38060283661
348041.0,347.0,1000.0,841.0,20.528933740786982,347000,347000.0,17654.092339754105
349044.0,348.0,1000.0,840.0,20.580154507682256,348000,348000.0,17702.682840824127
350047.0,349.0,1000.0,761.0,20.5848730935907,349000,349000.0,17751.262204408646
351050.0,350.0,1000.0,653.0,20.546524892204083,350000,350000.0,17799.932235717773
352053.0,351.0,1000.0,750.0,14.375534692829719,351000,351000.0,17869.494866371155
353056.0,352.0,1000.0,841.0,20.570805441288943,352000,352000.0,17918.107450962067
354059.0,353.0,1000.0,797.0,20.603758365985925,353000,353000.0,17966.642286777496
355062.0,354.0,1000.0,801.0,20.57810450556587,354000,354000.0,18015.237627744675
356065.0,355.0,1000.0,840.0,20.51184122822067,355000,355000.0,18063.989956378937
357068.0,356.0,1000.0,885.0,20.514237641587318,356000,356000.0,18112.736589431763
358071.0,357.0,1000.0,763.0,20.53788816378195,357000,357000.0,18161.427088022232
359074.0,358.0,1000.0,934.0,20.545109236830424,358000,358000.0,18210.100473165512
360077.0,359.0,1000.0,756.0,20.645261081062472,359000,359000.0,18258.537739753723
361080.0,360.0,1000.0,615.0,20.597199776456534,360000,360000.0,18307.08802962303
362083.0,361.0,1000.0,794.0,14.28600808183397,361000,361000.0,18377.086591243744
363086.0,362.0,1000.0,719.0,20.61020304566158,362000,362000.0,18425.606249809265
364089.0,363.0,1000.0,686.0,20.72309792622082,363000,363000.0,18473.861584424973
365092.0,364.0,1000.0,929.0,20.6583432350583,364000,364000.0,18522.268177747726
366095.0,365.0,1000.0,513.0,20.63794588810835,365000,365000.0,18570.722613811493
367098.0,366.0,1000.0,841.0,20.608069491859332,366000,366000.0,18619.24729537964
368101.0,367.0,1000.0,622.0,20.62644534478642,367000,367000.0,18667.72874689102
369104.0,368.0,1000.0,934.0,20.664829545052555,368000,368000.0,18716.120146989822
370107.0,369.0,1000.0,987.0,20.622065286929242,369000,369000.0,18764.611895799637
371110.0,370.0,1000.0,725.0,20.63944566368603,370000,370000.0,18813.06281065941
372113.0,371.0,1000.0,884.0,14.309327887931298,371000,371000.0,18882.94729590416
373116.0,372.0,1000.0,658.0,20.598558888025604,372000,372000.0,18931.494381904602
374119.0,373.0,1000.0,720.0,20.632188178048327,373000,373000.0,18979.962339162827
375122.0,374.0,1000.0,845.0,20.665645711263025,374000,374000.0,19028.351827144623
376125.0,375.0,1000.0,659.0,20.715095292804676,375000,375000.0,19076.62580347061
377128.0,376.0,1000.0,882.0,20.60109399499631,376000,376000.0,19125.166915416718
378131.0,377.0,1000.0,675.0,20.57311575016016,377000,377000.0,19173.774040699005
379134.0,378.0,1000.0,843.0,20.673565442463143,378000,378000.0,19222.144991636276
380137.0,379.0,1000.0,842.0,20.72533340180005,379000,379000.0,19270.395121335983
381140.0,380.0,1000.0,711.0,20.66878289019255,380000,380000.0,19318.77726459503
382143.0,381.0,1000.0,933.0,14.44420410014578,381000,381000.0,19388.00918650627
383146.0,382.0,1000.0,936.0,20.69455381813833,382000,382000.0,19436.33107995987
384149.0,383.0,1000.0,616.0,20.598674010061,383000,383000.0,19484.877895116806
385152.0,384.0,1000.0,707.0,20.54854817073979,384000,384000.0,19533.54313468933
386155.0,385.0,1000.0,800.0,20.625300001618825,385000,385000.0,19582.027279138565
387158.0,386.0,1000.0,800.0,20.65398979496019,386000,386000.0,19630.444075345993
388161.0,387.0,1000.0,748.0,20.675464814622377,387000,387000.0,19678.81058239937
389164.0,388.0,1000.0,931.0,20.574258130646655,388000,388000.0,19727.415009260178
390167.0,389.0,1000.0,648.0,20.582228148444877,389000,389000.0,19776.000614643097
391170.0,390.0,1000.0,1000.0,20.555342758433117,390000,390000.0,19824.649767398834
392173.0,391.0,1000.0,804.0,14.335285055656453,391000,391000.0,19894.40771150589
393176.0,392.0,1000.0,759.0,20.585503823063014,392000,392000.0,19942.985585927963
394179.0,393.0,1000.0,794.0,20.590753824161983,393000,393000.0,19991.551074504852
395182.0,394.0,1000.0,659.0,20.610606332816637,394000,394000.0,20040.06978416443
396185.0,395.0,1000.0,938.0,20.587435956743544,395000,395000.0,20088.643099546432
397188.0,396.0,1000.0,766.0,20.646053242390828,396000,396000.0,20137.07850766182
398191.0,397.0,1000.0,885.0,20.578503811484307,397000,397000.0,20185.67290687561
399194.0,398.0,1000.0,845.0,20.60376656417977,398000,398000.0,20234.20772266388
400197.0,399.0,1000.0,1000.0,20.662155871218186,399000,399000.0,20282.605383872986
401200.0,400.0,1000.0,932.0,20.614169455791654,400000,400000.0,20331.115706682205
402203.0,401.0,1000.0,605.0,14.403628863477946,401000,401000.0,20400.542655944824
403206.0,402.0,1000.0,763.0,20.670897657577964,402000,402000.0,20448.91984963417
404209.0,403.0,1000.0,657.0,20.652012813029682,403000,403000.0,20497.341280698776
405212.0,404.0,1000.0,847.0,20.693541586514197,404000,404000.0,20545.665538072586
406215.0,405.0,1000.0,929.0,20.674446093038902,405000,405000.0,20594.03442788124
407218.0,406.0,1000.0,694.0,20.704156461451912,406000,406000.0,20642.333909273148
408221.0,407.0,1000.0,802.0,20.736709528589778,407000,407000.0,20690.55756878853
409224.0,408.0,1000.0,799.0,20.68481257046764,408000,408000.0,20738.902218580246
410227.0,409.0,1000.0,642.0,20.692244330934557,409000,409000.0,20787.229505062103
411230.0,410.0,1000.0,936.0,20.75202079183962,410000,410000.0,20835.41758465767
412233.0,411.0,1000.0,632.0,14.428380219458472,411000,411000.0,20904.725434303284
413236.0,412.0,1000.0,938.0,20.69388473766351,412000,412000.0,20953.04889011383
414239.0,413.0,1000.0,765.0,20.68074469681753,413000,413000.0,21001.403049230576
415242.0,414.0,1000.0,843.0,20.687214983860358,414000,414000.0,21049.74208498001
416245.0,415.0,1000.0,755.0,20.6746204589299,415000,415000.0,21098.110567092896
417248.0,416.0,1000.0,888.0,20.68125496731413,416000,416000.0,21146.46353316307
418251.0,417.0,1000.0,765.0,20.701425601971494,417000,417000.0,21194.769386291504
419254.0,418.0,1000.0,936.0,20.734895344147645,418000,418000.0,21242.997264623642
420257.0,419.0,1000.0,761.0,20.693505342412852,419000,419000.0,21291.32160615921
421260.0,420.0,1000.0,938.0,20.72392146637848,420000,420000.0,21339.57502269745
422263.0,421.0,1000.0,723.0,14.539117217868064,421000,421000.0,21408.35499024391
423266.0,422.0,1000.0,643.0,20.767196434571414,422000,422000.0,21456.50785589218
424269.0,423.0,1000.0,664.0,20.6765773088517,423000,423000.0,21504.871761083603
425272.0,424.0,1000.0,649.0,20.69592019177619,424000,424000.0,21553.190464258194
426275.0,425.0,1000.0,933.0,20.675636649706135,425000,425000.0,21601.556569337845
427278.0,426.0,1000.0,727.0,20.684401783856458,426000,426000.0,21649.902178764343
428281.0,427.0,1000.0,662.0,20.682509948273854,427000,427000.0,21698.252210617065
429284.0,428.0,1000.0,846.0,20.66720389618231,428000,428000.0,21746.638050556183
430287.0,429.0,1000.0,937.0,20.65034274130338,429000,429000.0,21795.063398122787
431290.0,430.0,1000.0,752.0,20.731177037934344,430000,430000.0,21843.299926519394
432293.0,431.0,1000.0,933.0,14.523020846257692,431000,431000.0,21912.156125307083
433296.0,432.0,1000.0,933.0,20.703645162438214,432000,432000.0,21960.45679950714
434299.0,433.0,1000.0,1000.0,20.772594880332598,433000,433000.0,22008.597150802612
435302.0,434.0,1000.0,987.0,20.695442078334544,434000,434000.0,22056.916970014572
436305.0,435.0,1000.0,761.0,20.66446791117591,435000,435000.0,22105.30921626091
437308.0,436.0,1000.0,937.0,20.675249769994657,436000,436000.0,22153.676226615906
438311.0,437.0,1000.0,688.0,20.66334959371158,437000,437000.0,22202.071091651917
439314.0,438.0,1000.0,656.0,20.66806709856478,438000,438000.0,22250.45491051674
440317.0,439.0,1000.0,757.0,20.74005322845053,439000,439000.0,22298.670795440674
441320.0,440.0,1000.0,727.0,20.717560824602295,440000,440000.0,22346.939026355743
442323.0,441.0,1000.0,939.0,14.558221736517458,441000,441000.0,22415.62873506546
443326.0,442.0,1000.0,661.0,20.70186281396037,442000,442000.0,22463.933567762375
444329.0,443.0,1000.0,932.0,20.61730906361367,443000,443000.0,22512.436503887177
445332.0,444.0,1000.0,624.0,20.62720786169945,444000,444000.0,22560.91616344452
446335.0,445.0,1000.0,600.0,20.753425981972132,445000,445000.0,22609.10098028183
447338.0,446.0,1000.0,692.0,20.68451062490834,446000,446000.0,22657.446335315704
448341.0,447.0,1000.0,762.0,20.660024370658345,447000,447000.0,22705.848989486694
449344.0,448.0,1000.0,689.0,20.671455936275574,448000,448000.0,22754.22487592697
450347.0,449.0,1000.0,726.0,20.667435678697828,449000,449000.0,22802.61017346382
451350.0,450.0,1000.0,723.0,20.810018131535234,450000,450000.0,22850.663952589035
452353.0,451.0,1000.0,715.0,14.330320043304086,451000,451000.0,22920.44606566429
453356.0,452.0,1000.0,938.0,20.70193832404734,452000,452000.0,22968.750721931458
454359.0,453.0,1000.0,686.0,20.71427368157463,453000,453000.0,23017.02661371231
455362.0,454.0,1000.0,612.0,20.69649136308305,454000,454000.0,23065.343982696533
456365.0,455.0,1000.0,844.0,20.69462141268161,455000,455000.0,23113.665717840195
457368.0,456.0,1000.0,842.0,20.720741118000767,456000,456000.0,23161.926540851593
458371.0,457.0,1000.0,688.0,20.80025940020764,457000,457000.0,23210.002865076065
459374.0,458.0,1000.0,938.0,20.705249661147654,458000,458000.0,23258.29979610443
460377.0,459.0,1000.0,802.0,20.66305478935067,459000,459000.0,23306.695351839066
461380.0,460.0,1000.0,718.0,20.762447551393826,460000,460000.0,23354.859231233597
462383.0,461.0,1000.0,730.0,14.223881848735944,461000,461000.0,23425.163527965546
463386.0,462.0,1000.0,765.0,20.692113767040244,462000,462000.0,23473.491119861603
464389.0,463.0,1000.0,727.0,20.669966173543664,463000,463000.0,23521.870493412018
465392.0,464.0,1000.0,802.0,20.713681376217593,464000,464000.0,23570.14776468277
466395.0,465.0,1000.0,765.0,20.635997053940308,465000,465000.0,23618.606776475906
467398.0,466.0,1000.0,889.0,20.608522818626692,466000,466000.0,23667.130390882492
468401.0,467.0,1000.0,615.0,20.60744284626272,467000,467000.0,23715.656548261642
469404.0,468.0,1000.0,799.0,20.549775921278798,468000,468000.0,23764.318880081177
470407.0,469.0,1000.0,929.0,20.68825792412226,469000,469000.0,23812.655478477478
471410.0,470.0,1000.0,887.0,20.50698059779813,470000,470000.0,23861.419362068176
472413.0,471.0,1000.0,689.0,13.415716065696971,471000,471000.0,23935.958806037903
473416.0,472.0,1000.0,883.0,20.52374001835122,472000,472000.0,23984.682869434357
474419.0,473.0,1000.0,934.0,20.487392767641218,473000,473000.0,24033.493376493454
475422.0,474.0,1000.0,1000.0,20.52119630157541,474000,474000.0,24082.22347998619
476425.0,475.0,1000.0,694.0,20.543755056096256,475000,475000.0,24130.90007376671
477428.0,476.0,1000.0,658.0,20.51161422650717,476000,476000.0,24179.652942180634
478431.0,477.0,1000.0,845.0,20.58264751236641,477000,477000.0,24228.237557649612
479434.0,478.0,1000.0,690.0,20.497733141418603,478000,478000.0,24277.02344107628
480437.0,479.0,1000.0,659.0,20.525898032752398,479000,479000.0,24325.74238204956
481440.0,480.0,1000.0,1000.0,20.497793245544955,480000,480000.0,24374.52812242508
482443.0,481.0,1000.0,888.0,13.974812103627762,481000,481000.0,24446.08543586731
483446.0,482.0,1000.0,678.0,20.419436032491053,482000,482000.0,24495.05838561058
484449.0,483.0,1000.0,936.0,20.514209547928985,483000,483000.0,24543.80508542061
485452.0,484.0,1000.0,843.0,20.540319536802254,484000,484000.0,24592.489820957184
486455.0,485.0,1000.0,932.0,20.54345369290379,485000,485000.0,24641.16712832451
487458.0,486.0,1000.0,939.0,20.556435612838257,486000,486000.0,24689.813695192337
488461.0,487.0,1000.0,796.0,20.565593941734736,487000,487000.0,24738.438598155975
489464.0,488.0,1000.0,660.0,20.53305307796257,488000,488000.0,24787.140562534332
490467.0,489.0,1000.0,937.0,20.534922193536506,489000,489000.0,24835.838094472885
491470.0,490.0,1000.0,888.0,20.509104301675762,490000,490000.0,24884.596928358078
492473.0,491.0,1000.0,1000.0,14.155081341152568,491000,491000.0,24955.24293756485
493476.0,492.0,1000.0,692.0,20.596659357919705,492000,492000.0,25003.794501066208
494479.0,493.0,1000.0,934.0,20.58626867102184,493000,493000.0,25052.370570659637
495482.0,494.0,1000.0,803.0,20.511073976619393,494000,494000.0,25101.124722719193
496485.0,495.0,1000.0,884.0,20.49220516940605,495000,495000.0,25149.92376613617
497488.0,496.0,1000.0,688.0,20.47618651022523,496000,496000.0,25198.760985851288
498491.0,497.0,1000.0,691.0,20.535755076393617,497000,497000.0,25247.456542491913
499494.0,498.0,1000.0,764.0,20.571614903483425,498000,498000.0,25296.067214012146
500497.0,499.0,1000.0,690.0,20.488592003103488,499000,499000.0,25344.87486410141
501500.0,500.0,1000.0,804.0,20.51408453208248,500000,500000.0,25393.62186074257
502503.0,501.0,1000.0,643.0,14.478519090580447,501000,501000.0,25462.689699172974
503506.0,502.0,1000.0,802.0,20.55636116045824,502000,502000.0,25511.336441993713
504509.0,503.0,1000.0,889.0,20.46171204512756,503000,503000.0,25560.208208560944
505512.0,504.0,1000.0,722.0,20.538573947005144,504000,504000.0,25608.89708161354
506515.0,505.0,1000.0,941.0,20.579221894391054,505000,505000.0,25657.48978447914
507518.0,506.0,1000.0,938.0,20.527183354672992,506000,506000.0,25706.205674886703
508521.0,507.0,1000.0,764.0,20.481610926703162,507000,507000.0,25755.029960632324
509524.0,508.0,1000.0,716.0,20.573324336140224,508000,508000.0,25803.636593341827
510527.0,509.0,1000.0,847.0,20.52268498017346,509000,509000.0,25852.363161802292
511530.0,510.0,1000.0,802.0,20.48190327686163,510000,510000.0,25901.18675017357
512533.0,511.0,1000.0,937.0,14.532812702273931,511000,511000.0,25969.996555805206
513536.0,512.0,1000.0,889.0,20.52859704305867,512000,512000.0,26018.709091186523
514539.0,513.0,1000.0,653.0,20.544810752290317,513000,513000.0,26067.38318347931
515542.0,514.0,1000.0,805.0,20.558126804363816,514000,514000.0,26116.025748729706
516545.0,515.0,1000.0,845.0,20.54773176513019,515000,515000.0,26164.69292163849
517548.0,516.0,1000.0,1000.0,20.52491117147638,516000,516000.0,26213.41420507431
518551.0,517.0,1000.0,1000.0,20.62882457996248,517000,517000.0,26261.89006614685
519554.0,518.0,1000.0,719.0,20.583222246461617,518000,518000.0,26310.473325014114
520557.0,519.0,1000.0,938.0,20.581648319110315,519000,519000.0,26359.060299634933
521560.0,520.0,1000.0,664.0,20.55284981703017,520000,520000.0,26407.715353488922
522563.0,521.0,1000.0,765.0,14.515515650094033,521000,521000.0,26476.607154607773
523566.0,522.0,1000.0,939.0,20.576914554776174,522000,522000.0,26525.20530605316
524569.0,523.0,1000.0,613.0,20.595358140773655,523000,523000.0,26573.759937286377
525572.0,524.0,1000.0,688.0,20.599430428231805,524000,524000.0,26622.30496954918
526575.0,525.0,1000.0,940.0,20.58612064779404,525000,525000.0,26670.88138818741
527578.0,526.0,1000.0,660.0,20.577909149150067,526000,526000.0,26719.477191209793
528581.0,527.0,1000.0,641.0,20.537468107719214,527000,527000.0,26768.16868543625
529584.0,528.0,1000.0,653.0,20.568512294160232,528000,528000.0,26816.786689519882
530587.0,529.0,1000.0,934.0,20.67853493703256,529000,529000.0,26865.146015882492
531590.0,530.0,1000.0,940.0,20.54911033039188,530000,530000.0,26913.80992436409
532593.0,531.0,1000.0,617.0,14.511634137912948,531000,531000.0,26982.72015118599
533596.0,532.0,1000.0,722.0,20.58333588398031,532000,532000.0,27031.30314207077
534599.0,533.0,1000.0,607.0,20.555020102494485,533000,533000.0,27079.953058481216
535602.0,534.0,1000.0,755.0,20.54846592324106,534000,534000.0,27128.61849284172
536605.0,535.0,1000.0,764.0,20.580553792179195,535000,535000.0,27177.2080514431
537608.0,536.0,1000.0,939.0,20.53843716886833,536000,536000.0,27225.897248506546
538611.0,537.0,1000.0,845.0,20.52582018528559,537000,537000.0,27274.616374254227
539614.0,538.0,1000.0,996.0,20.519250882261392,538000,538000.0,27323.351098299026
540617.0,539.0,1000.0,663.0,20.530890644439435,539000,539000.0,27372.058192253113
541620.0,540.0,1000.0,885.0,20.56920637821827,540000,540000.0,27420.67455625534
542623.0,541.0,1000.0,1000.0,16.033781256066945,541000,541000.0,27483.042876958847
543626.0,542.0,1000.0,845.0,20.564128371303074,542000,542000.0,27531.671246290207
544629.0,543.0,1000.0,929.0,20.551251630935248,543000,543000.0,27580.330083847046
545632.0,544.0,1000.0,931.0,20.528956448939418,544000,544000.0,27629.041766405106
546635.0,545.0,1000.0,727.0,20.53982746267561,545000,545000.0,27677.727667808533
547638.0,546.0,1000.0,663.0,20.575546690277612,546000,546000.0,27726.329050302505
548641.0,547.0,1000.0,752.0,20.506678106810106,547000,547000.0,27775.093653678894
549644.0,548.0,1000.0,889.0,20.51195448018085,548000,548000.0,27823.845712661743
550647.0,549.0,1000.0,619.0,20.568097843107733,549000,549000.0,27872.464696884155
551650.0,550.0,1000.0,805.0,20.547447800038306,550000,550000.0,27921.13254261017
552653.0,551.0,1000.0,889.0,14.1619654870161,551000,551000.0,27991.7442111969
553656.0,552.0,1000.0,993.0,20.65477642172578,552000,552000.0,28040.159163475037
554659.0,553.0,1000.0,753.0,20.607526275307926,553000,553000.0,28088.685124635696
555662.0,554.0,1000.0,930.0,20.547262185127703,554000,554000.0,28137.353409528732
556665.0,555.0,1000.0,729.0,20.542638798788033,555000,555000.0,28186.032648324966
557668.0,556.0,1000.0,891.0,20.549575564925387,556000,556000.0,28234.695454359055
558671.0,557.0,1000.0,1000.0,20.55322014426129,557000,557000.0,28283.349631786346
559674.0,558.0,1000.0,846.0,20.53962981484435,558000,558000.0,28332.0360019207
560677.0,559.0,1000.0,759.0,20.537797051287733,559000,559000.0,28380.72671675682
561680.0,560.0,1000.0,727.0,20.566286921244103,560000,560000.0,28429.34998178482
562683.0,561.0,1000.0,664.0,14.721759932756829,561000,561000.0,28497.276644468307
563686.0,562.0,1000.0,1000.0,20.56693769088317,562000,562000.0,28545.89837026596
564689.0,563.0,1000.0,762.0,20.529728857473295,563000,563000.0,28594.60822057724
565692.0,564.0,1000.0,666.0,20.559280218536074,564000,564000.0,28643.248056173325
566695.0,565.0,1000.0,846.0,20.606486295486178,565000,565000.0,28691.77646636963
567698.0,566.0,1000.0,844.0,20.530869238473716,566000,566000.0,28740.483610868454
568701.0,567.0,1000.0,932.0,20.539433880697974,567000,567000.0,28789.17044520378
569704.0,568.0,1000.0,690.0,20.55113784392463,568000,568000.0,28837.82955288887
570707.0,569.0,1000.0,845.0,20.564338892411637,569000,569000.0,28886.4574239254
571710.0,570.0,1000.0,627.0,20.552703079689497,570000,570000.0,28935.11282491684
572713.0,571.0,1000.0,1000.0,14.543445454858626,571000,571000.0,29003.872323036194
573716.0,572.0,1000.0,678.0,20.553082667405857,572000,572000.0,29052.526826381683
574719.0,573.0,1000.0,766.0,20.559440755510664,573000,573000.0,29101.16628241539
575722.0,574.0,1000.0,844.0,20.484222070224746,574000,574000.0,29149.98434472084
576725.0,575.0,1000.0,846.0,20.51837948857101,575000,575000.0,29198.721138715744
577728.0,576.0,1000.0,937.0,20.512853819370115,576000,576000.0,29247.471059799194
578731.0,577.0,1000.0,799.0,20.57227761421234,577000,577000.0,29296.080166101456
579734.0,578.0,1000.0,937.0,20.56474562978857,578000,578000.0,29344.707075357437
580737.0,579.0,1000.0,845.0,20.54124742018869,579000,579000.0,29393.38961172104
581740.0,580.0,1000.0,886.0,20.514124063413355,580000,580000.0,29442.136514902115
582743.0,581.0,1000.0,679.0,14.15907674981284,581000,581000.0,29512.762590408325
583746.0,582.0,1000.0,803.0,20.561859997520695,582000,582000.0,29561.396323680878
584749.0,583.0,1000.0,844.0,20.532760069936543,583000,583000.0,29610.09898328781
585752.0,584.0,1000.0,796.0,20.521758672577803,584000,584000.0,29658.827751398087
586755.0,585.0,1000.0,757.0,20.500724150010864,585000,585000.0,29707.606516838074
587758.0,586.0,1000.0,937.0,20.529010908518554,586000,586000.0,29756.318070411682
588761.0,587.0,1000.0,764.0,20.481944884678576,587000,587000.0,29805.14155983925
589764.0,588.0,1000.0,887.0,20.421530804045677,588000,588000.0,29854.109486341476
590767.0,589.0,1000.0,804.0,20.465887331677106,589000,589000.0,29902.971282958984
591770.0,590.0,1000.0,756.0,20.433793884030965,590000,590000.0,29951.909821987152
592773.0,591.0,1000.0,890.0,14.582238390267047,591000,591000.0,30020.48640036583
593776.0,592.0,1000.0,845.0,20.408461863872102,592000,592000.0,30069.485684156418
594779.0,593.0,1000.0,845.0,20.453481681491986,593000,593000.0,30118.377117156982
595782.0,594.0,1000.0,804.0,20.403199487927512,594000,594000.0,30167.38903951645
596785.0,595.0,1000.0,804.0,20.48049241183904,595000,595000.0,30216.215991020203
597788.0,596.0,1000.0,712.0,20.43805607924752,596000,596000.0,30265.144324064255
598791.0,597.0,1000.0,726.0,20.385735483176223,597000,597000.0,30314.198233366013
599794.0,598.0,1000.0,886.0,20.426012791513507,598000,598000.0,30363.155415296555
600797.0,599.0,1000.0,662.0,20.439315183841725,599000,599000.0,30412.08073449135
601800.0,600.0,1000.0,729.0,20.49088227935114,600000,600000.0,30460.882928609848
602803.0,601.0,1000.0,845.0,15.776610539493252,601000,601000.0,30524.26790046692
603806.0,602.0,1000.0,667.0,20.394970103257588,602000,602000.0,30573.29959845543
604809.0,603.0,1000.0,649.0,20.48566286538964,603000,603000.0,30622.114226818085
605812.0,604.0,1000.0,803.0,20.47143478367313,604000,604000.0,30670.962782859802
606815.0,605.0,1000.0,803.0,20.44387025086369,605000,605000.0,30719.87720131874
607818.0,606.0,1000.0,691.0,20.41352407650781,606000,606000.0,30768.8643348217
608821.0,607.0,1000.0,843.0,20.39613087084194,607000,607000.0,30817.893242120743
609824.0,608.0,1000.0,935.0,20.418643273069712,608000,608000.0,30866.86809372902
610827.0,609.0,1000.0,890.0,20.39876232744428,609000,609000.0,30915.89067673683
611830.0,610.0,1000.0,763.0,20.428694650079535,610000,610000.0,30964.8414311409
612833.0,611.0,1000.0,935.0,14.863146002992966,611000,611000.0,31032.12193918228
613836.0,612.0,1000.0,689.0,20.515172200918038,612000,612000.0,31080.86635160446
614839.0,613.0,1000.0,846.0,20.423741567259256,613000,613000.0,31129.82897758484
615842.0,614.0,1000.0,1000.0,20.43742120755014,614000,614000.0,31178.758830547333
616845.0,615.0,1000.0,728.0,20.400881139398752,615000,615000.0,31227.776322603226
617848.0,616.0,1000.0,609.0,20.408050660067925,616000,616000.0,31276.77659368515
618851.0,617.0,1000.0,724.0,20.425206789742685,617000,617000.0,31325.7357070446
619854.0,618.0,1000.0,805.0,20.39267910568179,618000,618000.0,31374.77291369438
620857.0,619.0,1000.0,937.0,20.413080678722434,619000,619000.0,31423.761110305786
621860.0,620.0,1000.0,938.0,20.4320183778579,620000,620000.0,31472.703902244568
622863.0,621.0,1000.0,726.0,14.897056793608332,621000,621000.0,31539.831256866455
623866.0,622.0,1000.0,845.0,20.471499030102464,622000,622000.0,31588.67965912819
624869.0,623.0,1000.0,715.0,20.41949736829331,623000,623000.0,31637.652461767197
625872.0,624.0,1000.0,844.0,20.54998645068168,624000,624000.0,31686.3142952919
626875.0,625.0,1000.0,845.0,20.418384434296087,625000,625000.0,31735.28976750374
627878.0,626.0,1000.0,803.0,20.391574644808795,626000,626000.0,31784.329629421234
628881.0,627.0,1000.0,939.0,20.372086531028938,627000,627000.0,31833.416404485703
629884.0,628.0,1000.0,844.0,20.42355380482561,628000,628000.0,31882.37948036194
630887.0,629.0,1000.0,937.0,20.406917825181722,629000,629000.0,31931.382471323013
631890.0,630.0,1000.0,941.0,20.417345864981982,630000,630000.0,31980.360434532166
632893.0,631.0,1000.0,887.0,14.946544301708562,631000,631000.0,32047.26553249359
633896.0,632.0,1000.0,846.0,20.47190709926434,632000,632000.0,32096.11296105385
634899.0,633.0,1000.0,696.0,20.461031185424854,633000,633000.0,32144.986354351044
635902.0,634.0,1000.0,935.0,20.430164961965872,634000,634000.0,32193.933585882187
636905.0,635.0,1000.0,758.0,20.48169003945301,635000,635000.0,32242.757682323456
637908.0,636.0,1000.0,654.0,20.53777985464938,636000,636000.0,32291.448437929153
638911.0,637.0,1000.0,764.0,20.43897942736791,637000,637000.0,32340.374561071396
639914.0,638.0,1000.0,797.0,20.410552795131856,638000,638000.0,32389.3688249588
640917.0,639.0,1000.0,941.0,20.41022265097128,639000,639000.0,32438.36388206482
641920.0,640.0,1000.0,889.0,20.434878530979624,640000,640000.0,32487.29982328415
642923.0,641.0,1000.0,648.0,14.9251119884959,641000,641000.0,32554.300996541977
643926.0,642.0,1000.0,689.0,20.446763925012693,642000,642000.0,32603.208492040634
644929.0,643.0,1000.0,885.0,20.49599708569414,643000,643000.0,32651.998507499695
645932.0,644.0,1000.0,971.0,20.424190202180103,644000,644000.0,32700.9600584507
646935.0,645.0,1000.0,1000.0,20.40058117500387,645000,645000.0,32749.978270292282
647938.0,646.0,1000.0,725.0,20.46244555970404,646000,646000.0,32798.84828543663
648941.0,647.0,1000.0,803.0,20.398187134306685,647000,647000.0,32847.872250795364
649944.0,648.0,1000.0,646.0,20.517521818758905,648000,648000.0,32896.61108112335
650947.0,649.0,1000.0,1000.0,20.421947522953246,649000,649000.0,32945.578008174896
651950.0,650.0,1000.0,801.0,20.43059666248063,650000,650000.0,32994.52420544624
652953.0,651.0,1000.0,886.0,14.981868413128248,651000,651000.0,33061.271555662155
653956.0,652.0,1000.0,728.0,20.45805354314732,652000,652000.0,33110.15206217766
654959.0,653.0,1000.0,760.0,20.471265426822306,653000,653000.0,33159.00102162361
655962.0,654.0,1000.0,728.0,20.495576838549415,654000,654000.0,33207.79203772545
656965.0,655.0,1000.0,615.0,20.46599508358892,655000,655000.0,33256.65357685089
657968.0,656.0,1000.0,719.0,20.5153595444539,656000,656000.0,33305.39754509926
658971.0,657.0,1000.0,935.0,20.480387107316858,657000,657000.0,33354.22474741936
659974.0,658.0,1000.0,660.0,20.526620284500066,658000,658000.0,33402.941974163055
660977.0,659.0,1000.0,761.0,20.504047403094944,659000,659000.0,33451.71283340454
661980.0,660.0,1000.0,797.0,20.62227953080644,660000,660000.0,33500.20407867432
662983.0,661.0,1000.0,931.0,14.603648096656023,661000,661000.0,33568.68012022972
663986.0,662.0,1000.0,847.0,20.524475174750254,662000,662000.0,33617.40243887901
664989.0,663.0,1000.0,723.0,20.535513469062163,663000,663000.0,33666.09856796265
665992.0,664.0,1000.0,934.0,20.584383327445728,664000,664000.0,33714.67908668518
666995.0,665.0,1000.0,806.0,20.52953090152283,665000,665000.0,33763.38940644264
667998.0,666.0,1000.0,842.0,20.52623052341872,666000,666000.0,33812.10755825043
669001.0,667.0,1000.0,846.0,20.59199258820549,667000,667000.0,33860.67012524605
670004.0,668.0,1000.0,718.0,20.57031160277317,668000,668000.0,33909.28387737274
671007.0,669.0,1000.0,705.0,20.54176410971943,669000,669000.0,33957.96518826485
672010.0,670.0,1000.0,661.0,20.54872313762119,670000,670000.0,34006.6300137043
673013.0,671.0,1000.0,711.0,14.875434166545412,671000,671000.0,34073.85494399071
674016.0,672.0,1000.0,936.0,20.548136537164098,672000,672000.0,34122.521157979965
675019.0,673.0,1000.0,937.0,20.528224588459118,673000,673000.0,34171.23457789421
676022.0,674.0,1000.0,779.0,20.596661481912346,674000,674000.0,34219.7861366272
677025.0,675.0,1000.0,846.0,20.568391860567985,675000,675000.0,34268.404425382614
678028.0,676.0,1000.0,614.0,20.54131472114936,676000,676000.0,34317.08680200577
679031.0,677.0,1000.0,836.0,20.61684491211328,677000,677000.0,34365.590829610825
680034.0,678.0,1000.0,668.0,20.557903109802503,678000,678000.0,34414.23392367363
681037.0,679.0,1000.0,694.0,20.511064447773553,679000,679000.0,34462.98809814453
682040.0,680.0,1000.0,714.0,20.53759984478343,680000,680000.0,34511.679280519485
683043.0,681.0,1000.0,845.0,14.961443188786566,681000,681000.0,34578.517753362656
684046.0,682.0,1000.0,1000.0,20.555055157972355,682000,682000.0,34627.167586803436
685049.0,683.0,1000.0,846.0,20.617757324081033,683000,683000.0,34675.669468164444
686052.0,684.0,1000.0,758.0,20.497875288246362,684000,684000.0,34724.45501303673
687055.0,685.0,1000.0,935.0,20.534656075364342,685000,685000.0,34773.15317559242
688058.0,686.0,1000.0,756.0,20.51034529622137,686000,686000.0,34821.909059524536
689061.0,687.0,1000.0,845.0,20.505834848755764,687000,687000.0,34870.675667762756
690064.0,688.0,1000.0,939.0,20.58616621649267,688000,688000.0,34919.251979112625
691067.0,689.0,1000.0,938.0,20.53559108844228,689000,689000.0,34967.947924375534
692070.0,690.0,1000.0,846.0,20.51114729887671,690000,690000.0,35016.70190191269
693073.0,691.0,1000.0,669.0,14.960864587122622,691000,691000.0,35083.54295992851
694076.0,692.0,1000.0,760.0,20.549115162843144,692000,692000.0,35132.20685625076
695079.0,693.0,1000.0,689.0,20.536192557984297,693000,693000.0,35180.901374816895
696082.0,694.0,1000.0,801.0,20.634214862576176,694000,694000.0,35229.36457133293
697085.0,695.0,1000.0,728.0,20.539864176304903,695000,695000.0,35278.050386190414
698088.0,696.0,1000.0,803.0,20.57249647553541,696000,696000.0,35326.65897488594
699091.0,697.0,1000.0,889.0,20.499957028479052,697000,697000.0,35375.43956613541
700094.0,698.0,1000.0,684.0,20.566649564175787,698000,698000.0,35424.06197309494
701097.0,699.0,1000.0,933.0,20.53981478896008,699000,699000.0,35472.747905015945
702100.0,700.0,1000.0,862.0,20.521943927407335,700000,700000.0,35521.47623324394
703103.0,701.0,1000.0,728.0,14.990484662854232,701000,701000.0,35588.18521809578
704106.0,702.0,1000.0,829.0,20.54961271613506,702000,702000.0,35636.84793615341
705109.0,703.0,1000.0,940.0,20.531406813071357,703000,703000.0,35685.553805828094
706112.0,704.0,1000.0,889.0,20.57225682817852,704000,704000.0,35734.162960767746
707115.0,705.0,1000.0,926.0,20.530606139686522,705000,705000.0,35782.87072944641
708118.0,706.0,1000.0,932.0,20.67798218858497,706000,706000.0,35831.23134851456
709121.0,707.0,1000.0,764.0,20.559264900638134,707000,707000.0,35879.87122130394
710124.0,708.0,1000.0,934.0,20.52358857464075,708000,708000.0,35928.595645189285
711127.0,709.0,1000.0,887.0,20.584880771628352,709000,709000.0,35977.174990177155
712130.0,710.0,1000.0,845.0,20.517941661505553,710000,710000.0,36025.912823438644
713133.0,711.0,1000.0,804.0,15.015235636446018,711000,711000.0,36092.51184606552
714136.0,712.0,1000.0,921.0,20.54691965188203,712000,712000.0,36141.1809425354
715139.0,713.0,1000.0,892.0,20.546652618751974,713000,713000.0,36189.85067152977
716142.0,714.0,1000.0,940.0,20.522187826264275,714000,714000.0,36238.57842040062
717145.0,715.0,1000.0,682.0,20.536327295209393,715000,715000.0,36287.272619724274
718148.0,716.0,1000.0,936.0,20.55088429474629,716000,716000.0,36335.93232750893
719151.0,717.0,1000.0,759.0,20.554039000554717,717000,717000.0,36384.58456611633
720154.0,718.0,1000.0,930.0,20.65123524283477,718000,718000.0,36433.00782084465
721157.0,719.0,1000.0,877.0,20.64987954125339,719000,719000.0,36481.43425369263
722160.0,720.0,1000.0,725.0,20.709842135832428,720000,720000.0,36529.72047472
723163.0,721.0,1000.0,939.0,16.294597969668533,721000,721000.0,36591.090507507324
724166.0,722.0,1000.0,690.0,20.673457939344548,722000,722000.0,36639.461710214615
725169.0,723.0,1000.0,940.0,20.633293685254944,723000,723000.0,36687.92707037926
726172.0,724.0,1000.0,794.0,20.675592926273332,724000,724000.0,36736.293278217316
727175.0,725.0,1000.0,1000.0,20.69533067147711,725000,725000.0,36784.61335802078
728178.0,726.0,1000.0,1000.0,20.707178781966626,726000,726000.0,36832.90578889847
729181.0,727.0,1000.0,766.0,20.77155298640424,727000,727000.0,36881.04855513573
730184.0,728.0,1000.0,650.0,20.727873895378664,728000,728000.0,36929.29277086258
731187.0,729.0,1000.0,937.0,20.699914047295323,729000,729000.0,36977.602150678635
732190.0,730.0,1000.0,695.0,20.818711903749197,730000,730000.0,37025.63586306572
733193.0,731.0,1000.0,1000.0,16.417979959632234,731000,731000.0,37086.54469704628
734196.0,732.0,1000.0,800.0,20.732198488711514,732000,732000.0,37134.77885007858
735199.0,733.0,1000.0,766.0,20.714501610519726,733000,733000.0,37183.05420970917
736202.0,734.0,1000.0,801.0,20.71761741511884,734000,734000.0,37231.32230901718
737205.0,735.0,1000.0,847.0,20.700257716309455,735000,735000.0,37279.630887031555
738208.0,736.0,1000.0,933.0,20.695535411858895,736000,736000.0,37327.95048880577
739211.0,737.0,1000.0,694.0,20.73845737935618,737000,737000.0,37376.1700835228
740214.0,738.0,1000.0,939.0,20.71278633308421,738000,738000.0,37424.449441194534
741217.0,739.0,1000.0,766.0,20.7457079479564,739000,739000.0,37472.652183532715
742220.0,740.0,1000.0,658.0,20.706371394213953,740000,740000.0,37520.94649887085
743223.0,741.0,1000.0,662.0,16.892523350841444,741000,741000.0,37580.1442861557
744226.0,742.0,1000.0,646.0,20.723880917550375,742000,742000.0,37628.3977971077
745229.0,743.0,1000.0,889.0,20.717506997381573,743000,743000.0,37676.666153907776
746232.0,744.0,1000.0,694.0,20.71510552371271,744000,744000.0,37724.94010639191
747235.0,745.0,1000.0,574.0,20.699651705978013,745000,745000.0,37773.25009894371
748238.0,746.0,1000.0,759.0,20.713996449807222,746000,746000.0,37821.52663564682
749241.0,747.0,1000.0,676.0,20.69703172240595,747000,747000.0,37869.84274339676
750244.0,748.0,1000.0,935.0,20.76986558275568,748000,748000.0,37917.98942065239
751247.0,749.0,1000.0,799.0,20.79943163845575,749000,749000.0,37966.06765842438
752250.0,750.0,1000.0,764.0,20.81143345908866,750000,750000.0,38014.118170022964
753253.0,751.0,1000.0,1000.0,16.79716740669099,751000,751000.0,38073.65201807022
754256.0,752.0,1000.0,728.0,20.53674971792537,752000,752000.0,38122.34521651268
755259.0,753.0,1000.0,693.0,20.537216605238694,753000,753000.0,38171.03730726242
756262.0,754.0,1000.0,689.0,20.523287099849007,754000,754000.0,38219.762446165085
757265.0,755.0,1000.0,1000.0,20.50717019812451,755000,755000.0,38268.52587866783
758268.0,756.0,1000.0,713.0,20.522104383886823,756000,756000.0,38317.25382566452
759271.0,757.0,1000.0,937.0,20.557145607349266,757000,757000.0,38365.89871287346
760274.0,758.0,1000.0,846.0,20.66956809770547,758000,758000.0,38414.27901792526
761277.0,759.0,1000.0,923.0,20.569422147942706,759000,759000.0,38462.89487147331
762280.0,760.0,1000.0,1000.0,20.549770081691616,760000,760000.0,38511.55721783638
763283.0,761.0,1000.0,714.0,15.136396911451884,761000,761000.0,38577.62313938141
764286.0,762.0,1000.0,609.0,20.5641420832747,762000,762000.0,38626.251475572586
765289.0,763.0,1000.0,889.0,20.494812105072853,763000,763000.0,38675.044312000275
766292.0,764.0,1000.0,727.0,20.499090478660758,764000,764000.0,38723.826964616776
767295.0,765.0,1000.0,727.0,20.498459323035007,765000,765000.0,38772.61111950874
768298.0,766.0,1000.0,656.0,20.49844710103983,766000,766000.0,38821.395303726196
769301.0,767.0,1000.0,845.0,20.492755339326784,767000,767000.0,38870.19303703308
770304.0,768.0,1000.0,937.0,20.515822549529844,768000,768000.0,38918.93590450287
771307.0,769.0,1000.0,760.0,20.667429670210215,769000,769000.0,38967.32121562958
772310.0,770.0,1000.0,1000.0,20.498432775277152,770000,770000.0,39016.105434417725
773313.0,771.0,1000.0,762.0,15.264119769514231,771000,771000.0,39081.618547677994
774316.0,772.0,1000.0,846.0,20.58735905651114,772000,772000.0,39130.192044496536
775319.0,773.0,1000.0,761.0,20.507769101505783,773000,773000.0,39178.954053640366
776322.0,774.0,1000.0,942.0,20.509391720861846,774000,774000.0,39227.71220421791
777325.0,775.0,1000.0,845.0,20.519286618912542,775000,775000.0,39276.44684290886
778328.0,776.0,1000.0,720.0,20.536076423958985,776000,776000.0,39325.14163708687
779331.0,777.0,1000.0,890.0,20.534361915739627,777000,777000.0,39373.84049677849
780334.0,778.0,1000.0,722.0,20.526146746809733,778000,778000.0,39422.55884766579
781337.0,779.0,1000.0,940.0,20.5813891688883,779000,779000.0,39471.1464343071
782340.0,780.0,1000.0,804.0,20.62685342684453,780000,780000.0,39519.626927137375
783343.0,781.0,1000.0,939.0,15.307611344545606,781000,781000.0,39584.95390677452
784346.0,782.0,1000.0,611.0,20.544325003848474,782000,782000.0,39633.62915015221
785349.0,783.0,1000.0,890.0,20.522956411670943,783000,783000.0,39682.35507464409
786352.0,784.0,1000.0,618.0,20.49677092234863,784000,784000.0,39731.14324808121
787355.0,785.0,1000.0,939.0,20.496973756143166,785000,785000.0,39779.930938482285
788358.0,786.0,1000.0,858.0,20.517362638313028,786000,786000.0,39828.67014670372
789361.0,787.0,1000.0,678.0,20.484872358898176,787000,787000.0,39877.48665881157
790364.0,788.0,1000.0,939.0,20.531337466477275,788000,788000.0,39926.19269275665
791367.0,789.0,1000.0,803.0,20.507500177227406,789000,789000.0,39974.955340623856
792370.0,790.0,1000.0,761.0,20.558760934370213,790000,790000.0,40023.596405267715
793373.0,791.0,1000.0,937.0,16.84503052173403,791000,791000.0,40082.96109509468
794376.0,792.0,1000.0,876.0,20.520808252430545,792000,792000.0,40131.692120075226
795379.0,793.0,1000.0,889.0,20.56579461056663,793000,793000.0,40180.31654858589
796382.0,794.0,1000.0,845.0,20.55861592645827,794000,794000.0,40228.95795583725
797385.0,795.0,1000.0,800.0,20.530350685055097,795000,795000.0,40277.66633057594
798388.0,796.0,1000.0,761.0,20.48529596914249,796000,796000.0,40326.48183345795
799391.0,797.0,1000.0,887.0,20.442561863523114,797000,797000.0,40375.39938187599
800394.0,798.0,1000.0,933.0,20.445439719530345,798000,798000.0,40424.31004548073
801397.0,799.0,1000.0,1000.0,20.422757642947918,799000,799000.0,40473.275030612946
802400.0,800.0,1000.0,765.0,20.430068732456725,800000,800000.0,40522.22249317169
803403.0,801.0,1000.0,686.0,15.261598940582678,801000,801000.0,40587.74642753601
804406.0,802.0,1000.0,715.0,20.50513230363866,802000,802000.0,40636.51470756531
805409.0,803.0,1000.0,939.0,20.473302890719932,803000,803000.0,40685.35880565643
806412.0,804.0,1000.0,689.0,20.460096761536064,804000,804000.0,40734.23443055153
807415.0,805.0,1000.0,937.0,20.446952812194564,805000,805000.0,40783.14147424698
808418.0,806.0,1000.0,694.0,20.50060480954395,806000,806000.0,40831.92052388191
809421.0,807.0,1000.0,796.0,20.485166503028392,807000,807000.0,40880.7363345623
810424.0,808.0,1000.0,941.0,20.46343311230313,808000,808000.0,40929.603991270065
811427.0,809.0,1000.0,844.0,20.44355606718256,809000,809000.0,40978.519161224365
812430.0,810.0,1000.0,804.0,20.502356277839898,810000,810000.0,41027.29404377937
813433.0,811.0,1000.0,666.0,15.287620915533239,811000,811000.0,41092.70644688606
814436.0,812.0,1000.0,939.0,20.559412134799224,812000,812000.0,41141.345970630646
815439.0,813.0,1000.0,694.0,20.56826931024473,813000,813000.0,41189.96454882622
816442.0,814.0,1000.0,882.0,20.50679701668753,814000,814000.0,41238.728868961334
817445.0,815.0,1000.0,758.0,20.573306272649077,815000,815000.0,41287.33554434776
818448.0,816.0,1000.0,719.0,20.559085017820895,816000,816000.0,41335.97584247589
819451.0,817.0,1000.0,888.0,20.536730411390376,817000,817000.0,41384.66908621788
820454.0,818.0,1000.0,723.0,20.521597317844517,818000,818000.0,41433.39823770523
821457.0,819.0,1000.0,844.0,20.51743098724351,819000,819000.0,41482.13728404045
822460.0,820.0,1000.0,847.0,20.535854013371004,820000,820000.0,41530.83260560036
823463.0,821.0,1000.0,846.0,15.468942387134685,821000,821000.0,41595.47826719284
824466.0,822.0,1000.0,803.0,20.527003430051515,822000,822000.0,41644.194585323334
825469.0,823.0,1000.0,846.0,20.604925712762697,823000,823000.0,41692.72667121887
826472.0,824.0,1000.0,805.0,20.540002482251275,824000,824000.0,41741.41215777397
827475.0,825.0,1000.0,937.0,20.466465450447846,825000,825000.0,41790.272574186325
828478.0,826.0,1000.0,885.0,20.555683154806964,826000,826000.0,41838.92092180252
829481.0,827.0,1000.0,928.0,20.53894205015721,827000,827000.0,41887.6089220047
830484.0,828.0,1000.0,655.0,20.525773577536448,828000,828000.0,41936.32815861702
831487.0,829.0,1000.0,938.0,20.542816381637138,829000,829000.0,41985.00697636604
832490.0,830.0,1000.0,846.0,20.522005679760444,830000,830000.0,42033.735157728195
833493.0,831.0,1000.0,941.0,15.391078480312421,831000,831000.0,42098.70786333084
834496.0,832.0,1000.0,934.0,20.56855768407098,832000,832000.0,42147.325759887695
835499.0,833.0,1000.0,725.0,20.530415000335196,833000,833000.0,42196.033982753754
836502.0,834.0,1000.0,724.0,20.622112535787885,834000,834000.0,42244.52562069893
837505.0,835.0,1000.0,1000.0,20.513874837976466,835000,835000.0,42293.27311587334
838508.0,836.0,1000.0,680.0,20.53742225154988,836000,836000.0,42341.9647192955
839511.0,837.0,1000.0,716.0,20.58479752584152,837000,837000.0,42390.54426026344
840514.0,838.0,1000.0,933.0,20.527481729088,838000,838000.0,42439.259442567825
841517.0,839.0,1000.0,938.0,20.55222954629665,839000,839000.0,42487.91596508026
842520.0,840.0,1000.0,1000.0,20.5617050675331,840000,840000.0,42536.55006480217
843523.0,841.0,1000.0,721.0,15.451670126376658,841000,841000.0,42601.26798868179
844526.0,842.0,1000.0,876.0,20.53555821073166,842000,842000.0,42649.96401166916
845529.0,843.0,1000.0,802.0,20.568118015563698,843000,843000.0,42698.58294796944
846532.0,844.0,1000.0,767.0,20.524862056890363,844000,844000.0,42747.30434799194
847535.0,845.0,1000.0,762.0,20.647429278130172,845000,845000.0,42795.73652839661
848538.0,846.0,1000.0,940.0,20.551104815718556,846000,846000.0,42844.39571380615
849541.0,847.0,1000.0,940.0,20.621240089094016,847000,847000.0,42892.88940358162
850544.0,848.0,1000.0,727.0,20.544075044055372,848000,848000.0,42941.565239191055
851547.0,849.0,1000.0,1000.0,20.506218221301726,849000,849000.0,42990.33093571663
852550.0,850.0,1000.0,889.0,20.56084246166448,850000,850000.0,43038.967076063156
853553.0,851.0,1000.0,682.0,15.537222583068292,851000,851000.0,43103.328644514084
854556.0,852.0,1000.0,844.0,20.54873974855594,852000,852000.0,43151.99343061447
855559.0,853.0,1000.0,940.0,20.581503493123318,853000,853000.0,43200.580746650696
856562.0,854.0,1000.0,728.0,20.531509828804193,854000,854000.0,43249.286371707916
857565.0,855.0,1000.0,932.0,20.508266359269026,855000,855000.0,43298.047198057175
858568.0,856.0,1000.0,622.0,20.630778858600628,856000,856000.0,43346.518466711044
859571.0,857.0,1000.0,641.0,20.554511005669962,857000,857000.0,43395.16958832741
860574.0,858.0,1000.0,936.0,20.596524333572354,858000,858000.0,43443.72146987915
861577.0,859.0,1000.0,723.0,20.58634293603701,859000,859000.0,43492.297363996506
862580.0,860.0,1000.0,938.0,20.567006773915196,860000,860000.0,43540.91892671585
863583.0,861.0,1000.0,937.0,15.487697312126597,861000,861000.0,43605.48630523682
864586.0,862.0,1000.0,933.0,20.538639922993028,862000,862000.0,43654.17502164841
865589.0,863.0,1000.0,940.0,20.56050582511815,863000,863000.0,43702.81195855141
866592.0,864.0,1000.0,940.0,20.586953950316992,864000,864000.0,43751.38641047478
867595.0,865.0,1000.0,680.0,20.532593114386316,865000,865000.0,43800.08946585655
868598.0,866.0,1000.0,846.0,20.529844919716968,866000,866000.0,43848.79904103279
869601.0,867.0,1000.0,938.0,20.611996589271413,867000,867000.0,43897.314477682114
870604.0,868.0,1000.0,696.0,20.605309458950572,868000,868000.0,43945.84565925598
871607.0,869.0,1000.0,659.0,20.56173581142433,869000,869000.0,43994.47968626022
872610.0,870.0,1000.0,626.0,20.55965470793071,870000,870000.0,44043.11863684654
873613.0,871.0,1000.0,658.0,15.447662050158952,871000,871000.0,44107.85335254669
874616.0,872.0,1000.0,714.0,20.558335288047182,872000,872000.0,44156.49542427063
875619.0,873.0,1000.0,937.0,20.554382073396848,873000,873000.0,44205.14685153961
876622.0,874.0,1000.0,638.0,20.609350543294894,874000,874000.0,44253.66851711273
877625.0,875.0,1000.0,940.0,20.519330085288036,875000,875000.0,44302.40305352211
878628.0,876.0,1000.0,656.0,20.516840953256242,876000,876000.0,44351.14350152016
879631.0,877.0,1000.0,800.0,20.51823013143371,877000,877000.0,44399.88064932823
880634.0,878.0,1000.0,651.0,20.622704685766294,878000,878000.0,44448.37089514732
881637.0,879.0,1000.0,846.0,20.53843918029832,879000,879000.0,44497.0600874424
882640.0,880.0,1000.0,846.0,20.540551902158683,880000,880000.0,44545.74427175522
883643.0,881.0,1000.0,935.0,15.297765433465816,881000,881000.0,44611.11329674721
884646.0,882.0,1000.0,713.0,20.55697140378666,882000,882000.0,44659.75859570503
885649.0,883.0,1000.0,845.0,20.51440309472899,883000,883000.0,44708.50483584404
886652.0,884.0,1000.0,887.0,20.533528341695757,884000,884000.0,44757.205672740936
887655.0,885.0,1000.0,764.0,20.572248655040806,885000,885000.0,44805.81484746933
888658.0,886.0,1000.0,1000.0,20.510500355875887,886000,886000.0,44854.57036280632
889661.0,887.0,1000.0,989.0,20.546736059568715,887000,887000.0,44903.23989415169
890664.0,888.0,1000.0,661.0,20.532649603558156,888000,888000.0,44951.94281554222
891667.0,889.0,1000.0,937.0,20.64772505981622,889000,889000.0,45000.37430167198
892670.0,890.0,1000.0,888.0,20.609184567726807,890000,890000.0,45048.89635801315
893673.0,891.0,1000.0,806.0,15.402535798541178,891000,891000.0,45113.82073307037
894676.0,892.0,1000.0,940.0,20.525191400298002,892000,892000.0,45162.54135155678
895679.0,893.0,1000.0,886.0,20.535320428588566,893000,893000.0,45211.23793911934
896682.0,894.0,1000.0,934.0,20.52207717237977,894000,894000.0,45259.9659512043
897685.0,895.0,1000.0,625.0,20.59062009023065,895000,895000.0,45308.53175497055
898688.0,896.0,1000.0,913.0,20.515370080747957,896000,896000.0,45357.27569818497
899691.0,897.0,1000.0,760.0,20.526116611506115,897000,897000.0,45405.99412059784
900694.0,898.0,1000.0,936.0,20.527320987584655,898000,898000.0,45454.70968532562
901697.0,899.0,1000.0,689.0,20.517189108345864,899000,899000.0,45503.4493060112
902700.0,900.0,1000.0,885.0,20.621392875995266,900000,900000.0,45551.94263601303
903703.0,901.0,1000.0,803.0,15.585944714514763,901000,901000.0,45616.103008270264
904706.0,902.0,1000.0,693.0,20.56302018182295,902000,902000.0,45664.73399782181
905709.0,903.0,1000.0,658.0,20.527485747657835,903000,903000.0,45713.44917035103
906712.0,904.0,1000.0,606.0,20.511220721963376,904000,904000.0,45762.2029736042
907715.0,905.0,1000.0,935.0,20.521432150257077,905000,905000.0,45810.93251681328
908718.0,906.0,1000.0,941.0,20.547416192924,906000,906000.0,45859.60043692589
909721.0,907.0,1000.0,576.0,20.456411998992255,907000,907000.0,45908.484865665436
910724.0,908.0,1000.0,653.0,20.46721778276928,908000,908000.0,45957.343485832214
911727.0,909.0,1000.0,1000.0,20.509756973474534,909000,909000.0,46006.10076856613
912730.0,910.0,1000.0,656.0,20.505274051873243,910000,910000.0,46054.868710279465
913733.0,911.0,1000.0,938.0,14.193539012315732,911000,911000.0,46125.323303222656
914736.0,912.0,1000.0,718.0,20.560330254383146,912000,912000.0,46173.960654735565
915739.0,913.0,1000.0,939.0,20.55256560975106,913000,913000.0,46222.616381406784
916742.0,914.0,1000.0,622.0,20.536076222862242,914000,914000.0,46271.31117630005
917745.0,915.0,1000.0,686.0,20.54552074912415,915000,915000.0,46319.98358654976
918748.0,916.0,1000.0,937.0,20.583282751970945,916000,916000.0,46368.56670331955
919751.0,917.0,1000.0,846.0,20.525972867325535,917000,917000.0,46417.28546714783
920754.0,918.0,1000.0,760.0,20.525546367790437,918000,918000.0,46466.005242824554
921757.0,919.0,1000.0,1000.0,20.531271939401442,919000,919000.0,46514.711431503296
922760.0,920.0,1000.0,979.0,20.555298131984728,920000,920000.0,46563.36069011688
923763.0,921.0,1000.0,725.0,15.178665493494666,921000,921000.0,46629.24263548851
924766.0,922.0,1000.0,888.0,20.69376854894262,922000,922000.0,46677.56636238098
925769.0,923.0,1000.0,725.0,20.58641902034291,923000,923000.0,46726.14207696915
926772.0,924.0,1000.0,846.0,20.576822893791643,924000,924000.0,46774.74044561386
927775.0,925.0,1000.0,996.0,20.5267398275916,925000,925000.0,46823.457389354706
928778.0,926.0,1000.0,938.0,20.543551395995262,926000,926000.0,46872.13446521759
929781.0,927.0,1000.0,687.0,20.581576006856455,927000,927000.0,46920.721610069275
930784.0,928.0,1000.0,984.0,20.514153962846024,928000,928000.0,46969.468442201614
931787.0,929.0,1000.0,943.0,20.526607426166436,929000,929000.0,47018.18569946289
932790.0,930.0,1000.0,801.0,20.536332926057288,930000,930000.0,47066.879885196686
933793.0,931.0,1000.0,646.0,15.104562053070703,931000,931000.0,47133.08504939079
934796.0,932.0,1000.0,941.0,20.596265314292975,932000,932000.0,47181.63754200935
935799.0,933.0,1000.0,664.0,20.658003805249628,933000,933000.0,47230.04493045807
936802.0,934.0,1000.0,837.0,20.54844760136651,934000,934000.0,47278.710407972336
937805.0,935.0,1000.0,1000.0,20.51835941356048,935000,935000.0,47327.4472489357
938808.0,936.0,1000.0,610.0,20.50541860902193,936000,936000.0,47376.214846372604
939811.0,937.0,1000.0,732.0,20.553808848005662,937000,937000.0,47424.86763072014
940814.0,938.0,1000.0,847.0,20.55038335715589,938000,938000.0,47473.528524160385
941817.0,939.0,1000.0,1000.0,20.535186408352615,939000,939000.0,47522.22542881966
942820.0,940.0,1000.0,759.0,20.549607178683367,940000,940000.0,47570.88815999031
943823.0,941.0,1000.0,726.0,15.128784434692676,941000,941000.0,47636.98732495308
944826.0,942.0,1000.0,647.0,20.56119100297299,942000,942000.0,47685.62264060974
945829.0,943.0,1000.0,873.0,20.551997621589845,943000,943000.0,47734.27971172333
946832.0,944.0,1000.0,763.0,20.66092849738909,944000,944000.0,47782.6802482605
947835.0,945.0,1000.0,714.0,20.590364757254445,945000,945000.0,47831.246654987335
948838.0,946.0,1000.0,758.0,20.54812536318837,946000,946000.0,47879.91289520264
949841.0,947.0,1000.0,797.0,20.548110665905465,947000,947000.0,47928.579171180725
950844.0,948.0,1000.0,806.0,20.561648015178555,948000,948000.0,47977.21340584755
951847.0,949.0,1000.0,666.0,20.509738620273357,949000,949000.0,48025.970732450485
952850.0,950.0,1000.0,941.0,20.514589922527772,950000,950000.0,48074.71652889252
953853.0,951.0,1000.0,935.0,15.142760246118376,951000,951000.0,48140.75468802452
954856.0,952.0,1000.0,845.0,20.55240084966895,952000,952000.0,48189.410804986954
955859.0,953.0,1000.0,651.0,20.576489266817358,953000,953000.0,48238.00996136665
956862.0,954.0,1000.0,726.0,20.556308469857548,954000,954000.0,48286.65682864189
957865.0,955.0,1000.0,663.0,20.658296532273567,955000,955000.0,48335.06353163719
958868.0,956.0,1000.0,729.0,20.54506676817042,956000,956000.0,48383.73701763153
959871.0,957.0,1000.0,843.0,20.536410953838825,957000,957000.0,48432.4310195446
960874.0,958.0,1000.0,939.0,20.536667062077388,958000,958000.0,48481.124413490295
961877.0,959.0,1000.0,890.0,20.540239668712005,959000,959000.0,48529.80933833122
962880.0,960.0,1000.0,936.0,20.51063305109002,960000,960000.0,48578.56453919411
963883.0,961.0,1000.0,618.0,15.112807997980205,961000,961000.0,48644.73357987404
964886.0,962.0,1000.0,766.0,20.52433034879134,962000,962000.0,48693.45624279976
965889.0,963.0,1000.0,845.0,20.550359695381275,963000,963000.0,48742.11719274521
966892.0,964.0,1000.0,692.0,20.553398514409633,964000,964000.0,48790.77094769478
967895.0,965.0,1000.0,659.0,20.551191414289477,965000,965000.0,48839.42992758751
968898.0,966.0,1000.0,654.0,20.67855124875987,966000,966000.0,48887.789216041565
969901.0,967.0,1000.0,931.0,20.570149180986583,967000,967000.0,48936.40335178375
970904.0,968.0,1000.0,929.0,20.528251916742878,968000,968000.0,48985.11670613289
971907.0,969.0,1000.0,694.0,20.560234407330988,969000,969000.0,49033.75428509712
972910.0,970.0,1000.0,1000.0,20.498350828292295,970000,970000.0,49082.53869795799
973913.0,971.0,1000.0,933.0,15.083775380469648,971000,971000.0,49148.83509850502
974916.0,972.0,1000.0,692.0,20.511160539066605,972000,972000.0,49197.58904457092
975919.0,973.0,1000.0,937.0,20.532090454857453,973000,973000.0,49246.29329228401
976922.0,974.0,1000.0,688.0,20.55725996467662,974000,974000.0,49294.937908411026
977925.0,975.0,1000.0,802.0,20.510812588542134,975000,975000.0,49343.69268155098
978928.0,976.0,1000.0,802.0,20.55383654661729,976000,976000.0,49392.34539937973
979931.0,977.0,1000.0,891.0,20.672436358868975,977000,977000.0,49440.71899223328
980934.0,978.0,1000.0,932.0,20.543853567050583,978000,978000.0,49489.395352602005
981937.0,979.0,1000.0,804.0,20.52096838994983,979000,979000.0,49538.12599778175
982940.0,980.0,1000.0,846.0,20.544489332581776,980000,980000.0,49586.800851106644
983943.0,981.0,1000.0,728.0,15.069143312959872,981000,981000.0,49653.161625146866
984946.0,982.0,1000.0,645.0,20.538579076220714,982000,982000.0,49701.85048651695
985949.0,983.0,1000.0,685.0,20.53160279510903,983000,983000.0,49750.55589079857
986952.0,984.0,1000.0,804.0,20.538715554524984,984000,984000.0,49799.24442791939
987955.0,985.0,1000.0,939.0,20.555720831807673,985000,985000.0,49847.89268660545
988958.0,986.0,1000.0,937.0,20.554626441718124,986000,986000.0,49896.543534994125
989961.0,987.0,1000.0,930.0,20.579685666073946,987000,987000.0,49945.13514280319
990964.0,988.0,1000.0,655.0,20.702997669087438,988000,988000.0,49993.437327861786
991967.0,989.0,1000.0,685.0,20.534920685480586,989000,989000.0,50042.13486289978
992970.0,990.0,1000.0,696.0,20.595718775659613,990000,990000.0,50090.68864321709
993973.0,991.0,1000.0,768.0,15.081021481847037,991000,991000.0,50156.997149944305
994976.0,992.0,1000.0,799.0,20.52790559641083,992000,992000.0,50205.71132659912
995979.0,993.0,1000.0,983.0,20.559069397892863,993000,993000.0,50254.35166120529
996982.0,994.0,1000.0,888.0,20.532162620819214,994000,994000.0,50303.05573749542
997985.0,995.0,1000.0,935.0,20.555143804541828,995000,995000.0,50351.70536136627
998988.0,996.0,1000.0,615.0,20.531614855664323,996000,996000.0,50400.41073727608
999991.0,997.0,1000.0,890.0,20.531086013625966,997000,997000.0,50449.11736750603
1000000.0,998.0,1000.0,844.0,20.559413444900475,998000,998000.0,50497.756888628006
1000000.0,999.0,1000.0,889.0,20.68926912862503,999000,999000.0,50546.091124773026
1000000.0,1000.0,1000.0,760.0,20.540015256785377,1000000,1000000.0,50594.77658081055
1000000.0,1001.0,1000.0,890.0,14.70364499271253,1001000,1001000.0,50662.786928892136
1000000.0,1002.0,1000.0,686.0,20.515703434610547,1002000,1002000.0,50711.53007912636
1000000.0,1003.0,1000.0,751.0,20.533179129270863,1003000,1003000.0,50760.231744766235
1000000.0,1004.0,1000.0,756.0,20.54771344456483,1004000,1004000.0,50808.89896082878
1000000.0,1005.0,1000.0,929.0,20.55116160818735,1005000,1005000.0,50857.55801177025
1000000.0,1006.0,1000.0,804.0,20.58290689629336,1006000,1006000.0,50906.142014980316
1000000.0,1007.0,1000.0,655.0,20.531347818185488,1007000,1007000.0,50954.84802508354
1000000.0,1008.0,1000.0,891.0,20.565788560192836,1008000,1008000.0,51003.47246789932
1000000.0,1009.0,1000.0,662.0,20.537242046832926,1009000,1009000.0,51052.16449832916
1000000.0,1010.0,1000.0,846.0,20.706538734413787,1010000,1010000.0,51100.458423137665
1000000.0,1011.0,1000.0,846.0,14.817604778635713,1011000,1011000.0,51167.94571471214
1000000.0,1012.0,1000.0,938.0,20.507839291702552,1012000,1012000.0,51216.70755648613
1000000.0,1013.0,1000.0,758.0,20.539602154509804,1013000,1013000.0,51265.39399242401
1000000.0,1014.0,1000.0,933.0,20.56440382412137,1014000,1014000.0,51314.021709918976
1000000.0,1015.0,1000.0,664.0,20.545679964221563,1015000,1015000.0,51362.693742990494
1000000.0,1016.0,1000.0,731.0,20.54836374397307,1016000,1016000.0,51411.359419345856
1000000.0,1017.0,1000.0,717.0,20.547712639266003,1017000,1017000.0,51460.02663731575
1000000.0,1018.0,1000.0,889.0,20.53659989212163,1018000,1018000.0,51508.72019124031
1000000.0,1019.0,1000.0,659.0,20.557378555072678,1019000,1019000.0,51557.36452627182
1000000.0,1020.0,1000.0,940.0,20.58130726423228,1020000,1020000.0,51605.95230579376
1000000.0,1021.0,1000.0,1000.0,14.10545447379202,1021000,1021000.0,51676.846868276596
1000000.0,1022.0,1000.0,941.0,20.53183888305493,1022000,1022000.0,51725.55171275139
1000000.0,1023.0,1000.0,937.0,20.528559666373315,1023000,1023000.0,51774.264337301254
1000000.0,1024.0,1000.0,768.0,20.52257482300868,1024000,1024000.0,51822.99116754532
1000000.0,1025.0,1000.0,934.0,20.531609327908054,1025000,1025000.0,51871.69655632973
1000000.0,1026.0,1000.0,666.0,20.536683351863402,1026000,1026000.0,51920.389911174774
1000000.0,1027.0,1000.0,687.0,20.571295570454925,1027000,1027000.0,51969.00133752823
1000000.0,1028.0,1000.0,863.0,20.515754311664644,1028000,1028000.0,52017.74436688423
1000000.0,1029.0,1000.0,766.0,20.49446801365468,1029000,1029000.0,52066.53802251816
1000000.0,1030.0,1000.0,694.0,20.55832742826661,1030000,1030000.0,52115.180112838745
1000000.0,1031.0,1000.0,661.0,14.76799995234021,1031000,1031000.0,52182.89408993721
1000000.0,1032.0,1000.0,804.0,20.67058562552396,1032000,1032000.0,52231.272013664246
1000000.0,1033.0,1000.0,656.0,20.530559309211338,1033000,1033000.0,52279.97989344597
1000000.0,1034.0,1000.0,941.0,20.52002286177779,1034000,1034000.0,52328.71278381348
1000000.0,1035.0,1000.0,680.0,20.528599153036904,1035000,1035000.0,52377.42531466484
1000000.0,1036.0,1000.0,650.0,20.554976686249425,1036000,1036000.0,52426.07533407211
1000000.0,1037.0,1000.0,929.0,20.55989527115115,1037000,1037000.0,52474.71371483803
1000000.0,1038.0,1000.0,729.0,20.589596168417405,1038000,1038000.0,52523.281933784485
1000000.0,1039.0,1000.0,758.0,20.569955791434314,1039000,1039000.0,52571.89652657509
1000000.0,1040.0,1000.0,768.0,20.537315053496783,1040000,1040000.0,52620.58838415146
1000000.0,1041.0,1000.0,660.0,14.543302643190291,1041000,1041000.0,52689.348557949066
1000000.0,1042.0,1000.0,1000.0,20.63613279938791,1042000,1042000.0,52737.807250738144
1000000.0,1043.0,1000.0,803.0,20.606299004979007,1043000,1043000.0,52786.3361017704
1000000.0,1044.0,1000.0,610.0,20.502956102764593,1044000,1044000.0,52835.10955739021
1000000.0,1045.0,1000.0,696.0,20.51794196261816,1045000,1045000.0,52883.84738945961
1000000.0,1046.0,1000.0,942.0,20.54728503450457,1046000,1046000.0,52932.51562023163
1000000.0,1047.0,1000.0,615.0,20.49483593953959,1047000,1047000.0,52981.30840063095
1000000.0,1048.0,1000.0,887.0,20.555559144050143,1048000,1048000.0,53029.957041502
1000000.0,1049.0,1000.0,687.0,20.522699239437113,1049000,1049000.0,53078.68357682228
1000000.0,1050.0,1000.0,938.0,20.50314302279999,1050000,1050000.0,53127.45658802986
1000000.0,1051.0,1000.0,805.0,14.781801098595887,1051000,1051000.0,53195.107343912125
1000000.0,1052.0,1000.0,698.0,20.56155991728832,1052000,1052000.0,53243.741787195206
1000000.0,1053.0,1000.0,847.0,20.588445515040192,1053000,1053000.0,53292.31272029877
1000000.0,1054.0,1000.0,651.0,20.606787688492997,1054000,1054000.0,53340.840420246124
1000000.0,1055.0,1000.0,682.0,20.509370058842077,1055000,1055000.0,53389.5986225605
1000000.0,1056.0,1000.0,844.0,20.51946309554868,1056000,1056000.0,53438.33284187317
1000000.0,1057.0,1000.0,940.0,20.49870707203009,1057000,1057000.0,53487.11640739441
1000000.0,1058.0,1000.0,845.0,20.531415255297404,1058000,1058000.0,53535.822256565094
1000000.0,1059.0,1000.0,803.0,20.56602997287006,1059000,1059000.0,53584.44612908363
1000000.0,1060.0,1000.0,940.0,20.520459673318488,1060000,1060000.0,53633.177982091904
1000000.0,1061.0,1000.0,767.0,14.757809268197272,1061000,1061000.0,53700.938717126846
1000000.0,1062.0,1000.0,660.0,20.55486547702905,1062000,1062000.0,53749.589000463486
1000000.0,1063.0,1000.0,728.0,20.603025817915228,1063000,1063000.0,53798.125561237335
1000000.0,1064.0,1000.0,765.0,20.561884290593216,1064000,1064000.0,53846.75923705101
1000000.0,1065.0,1000.0,941.0,20.578410621890036,1065000,1065000.0,53895.35385608673
1000000.0,1066.0,1000.0,932.0,20.524119541287565,1066000,1066000.0,53944.07701873779
1000000.0,1067.0,1000.0,803.0,20.530873660359692,1067000,1067000.0,53992.78415250778
1000000.0,1068.0,1000.0,887.0,20.54761761444763,1068000,1068000.0,54041.45159626007
1000000.0,1069.0,1000.0,686.0,20.53676037675712,1069000,1069000.0,54090.14476919174
1000000.0,1070.0,1000.0,939.0,20.566007888517447,1070000,1070000.0,54138.76869368553
1000000.0,1071.0,1000.0,655.0,14.766063191057734,1071000,1071000.0,54206.49155211449
1000000.0,1072.0,1000.0,690.0,20.57327236584632,1072000,1072000.0,54255.09830760956
1000000.0,1073.0,1000.0,805.0,20.56823219241027,1073000,1073000.0,54303.71697425842
1000000.0,1074.0,1000.0,765.0,20.553731090847602,1074000,1074000.0,54352.36994242668
1000000.0,1075.0,1000.0,689.0,20.518523929429925,1075000,1075000.0,54401.10639286041
1000000.0,1076.0,1000.0,1000.0,20.575619061106206,1076000,1076000.0,54449.70760345459
1000000.0,1077.0,1000.0,940.0,20.49995041561199,1077000,1077000.0,54498.48821020126
1000000.0,1078.0,1000.0,931.0,20.498164596688625,1078000,1078000.0,54547.27306699753
1000000.0,1079.0,1000.0,940.0,20.489659153479646,1079000,1079000.0,54596.078174591064
1000000.0,1080.0,1000.0,721.0,20.515895002583573,1080000,1080000.0,54644.820870399475
1000000.0,1081.0,1000.0,845.0,14.638783654808297,1081000,1081000.0,54713.132558107376
1000000.0,1082.0,1000.0,688.0,20.537908679289504,1082000,1082000.0,54761.823008298874
1000000.0,1083.0,1000.0,937.0,20.525659168463534,1083000,1083000.0,54810.542516469955
1000000.0,1084.0,1000.0,731.0,20.550395137719313,1084000,1084000.0,54859.20338177681
1000000.0,1085.0,1000.0,804.0,20.527136640272136,1085000,1085000.0,54907.91938328743
1000000.0,1086.0,1000.0,940.0,20.536785616110375,1086000,1086000.0,54956.61249613762
1000000.0,1087.0,1000.0,804.0,20.58962275068723,1087000,1087000.0,55005.18065237999
1000000.0,1088.0,1000.0,728.0,20.506602209742567,1088000,1088000.0,55053.945436000824
1000000.0,1089.0,1000.0,723.0,20.50756224376328,1089000,1089000.0,55102.7079372406
1000000.0,1090.0,1000.0,763.0,20.509622885542804,1090000,1090000.0,55151.46553874016
1000000.0,1091.0,1000.0,940.0,14.24846011178768,1091000,1091000.0,55221.648562431335
1000000.0,1092.0,1000.0,614.0,20.526182808839366,1092000,1092000.0,55270.36682796478
1000000.0,1093.0,1000.0,922.0,20.505292296837872,1093000,1093000.0,55319.13472652435
1000000.0,1094.0,1000.0,939.0,20.543930746364314,1094000,1094000.0,55367.81090378761
1000000.0,1095.0,1000.0,940.0,20.472658532640157,1095000,1095000.0,55416.65653896332
1000000.0,1096.0,1000.0,940.0,20.52668407412775,1096000,1096000.0,55465.37361454964
1000000.0,1097.0,1000.0,655.0,20.542707919905997,1097000,1097000.0,55514.05268931389
1000000.0,1098.0,1000.0,844.0,20.61438829752229,1098000,1098000.0,55562.562497377396
1000000.0,1099.0,1000.0,692.0,20.523611070116882,1099000,1099000.0,55611.28686738014
